Request,Sample,Batch,Parameter List,Parameter,Data
,S-210630-00476,,Lumisizer - VM,Lumisizer Separated Layers,1
,S-210630-00476,,Lumisizer - VM,Lumisizer Onset of Major Separation,NA
,S-210630-00476,,Lumisizer - VM,Lumisizer Separation,N
,S-210630-00476,,Lumisizer - VM,Lumisizer Separation Severity,NA
,S-210630-00476,,Lumisizer - VM,Lumisizer Separation Location,N/A
R-20210128-00068,S-210319-00632,,Lumisizer - VM,Lumisizer Separation Severity,14.50
R-20210128-00068,S-210319-00632,,Lumisizer - VM,Lumisizer Onset of Major Separation,55
R-20210128-00068,S-210319-00632,,Lumisizer - VM,Lumisizer Separated Layers,2
R-20210128-00068,S-210319-00632,,Lumisizer - VM,Lumisizer Separation Location,Bottom
R-20210128-00068,S-210319-00632,,Lumisizer - VM,Lumisizer Separation,Y
R-20210223-00058,S-210223-01881,,Lumisizer - VM,Lumisizer Onset of Major Separation,0
R-20210223-00058,S-210223-01881,,Lumisizer - VM,Lumisizer Separation,N
R-20210223-00058,S-210223-01881,,Lumisizer - VM,Lumisizer Separation Severity,0.00
R-20210223-00058,S-210223-01881,,Lumisizer - VM,Lumisizer Separated Layers,1
R-20210223-00058,S-210223-01881,,Lumisizer - VM,Lumisizer Separation Location,N/A
R-20210319-00041,S-210319-00919,,Lumisizer - VM,Lumisizer Onset of Major Separation,200
R-20210319-00041,S-210319-00919,,Lumisizer - VM,Lumisizer Separation Location,Top/Bottom
R-20210319-00041,S-210319-00919,,Lumisizer - VM,Lumisizer Separation Severity,3.60
R-20210319-00041,S-210319-00919,,Lumisizer - VM,Lumisizer Separated Layers,3
R-20210319-00041,S-210319-00919,,Lumisizer - VM,Lumisizer Separation,Y
R-20210319-00043,S-210319-00965,,Lumisizer - VM,Lumisizer Separation Location,Bottom
R-20210319-00043,S-210319-00965,,Lumisizer - VM,Lumisizer Separated Layers,2
R-20210319-00043,S-210319-00965,,Lumisizer - VM,Lumisizer Separation,Y
R-20210319-00043,S-210319-00965,,Lumisizer - VM,Lumisizer Separation Severity,11.60
R-20210319-00043,S-210319-00965,,Lumisizer - VM,Lumisizer Onset of Major Separation,65
R-20210319-00044,S-210319-01011,,Lumisizer - VM,Lumisizer Separated Layers,3
R-20210319-00044,S-210319-01011,,Lumisizer - VM,Lumisizer Onset of Major Separation,300
R-20210319-00044,S-210319-01011,,Lumisizer - VM,Lumisizer Separation,Y
R-20210319-00044,S-210319-01011,,Lumisizer - VM,Lumisizer Separation Location,Top/Bottom
R-20210319-00044,S-210319-01011,,Lumisizer - VM,Lumisizer Separation Severity,3.50
R-20210319-00045,S-210319-01057,,Lumisizer - VM,Lumisizer Separation,Y
R-20210319-00045,S-210319-01057,,Lumisizer - VM,Lumisizer Separation Severity,7.50
R-20210319-00045,S-210319-01057,,Lumisizer - VM,Lumisizer Separation Location,Bottom
R-20210319-00045,S-210319-01057,,Lumisizer - VM,Lumisizer Separated Layers,2
R-20210319-00045,S-210319-01057,,Lumisizer - VM,Lumisizer Onset of Major Separation,205
R-20210324-00039,S-210324-00923,,Lumisizer - VM,Lumisizer Separation,N
R-20210324-00039,S-210324-00923,,Lumisizer - VM,Lumisizer Separation Location,N/A
R-20210324-00039,S-210324-00923,,Lumisizer - VM,Lumisizer Separation Severity,0.00
R-20210324-00039,S-210324-00923,,Lumisizer - VM,Lumisizer Onset of Major Separation,0
R-20210324-00039,S-210324-00923,,Lumisizer - VM,Lumisizer Separated Layers,1
R-20210330-00053,S-210330-01222,,Lumisizer - VM,Lumisizer Separation Location,0
R-20210330-00053,S-210330-01222,,Lumisizer - VM,Lumisizer Separation Severity,0.00
R-20210330-00053,S-210330-01222,,Lumisizer - VM,Lumisizer Onset of Major Separation,0
R-20210330-00053,S-210330-01222,,Lumisizer - VM,Lumisizer Separation,N
R-20210330-00053,S-210330-01222,,Lumisizer - VM,Lumisizer Separated Layers,0
R-20210330-00054,S-210330-01176,,Lumisizer - VM,Lumisizer Separation Location,0
R-20210330-00054,S-210330-01176,,Lumisizer - VM,Lumisizer Separation,N
R-20210330-00054,S-210330-01176,,Lumisizer - VM,Lumisizer Separated Layers,0
R-20210330-00054,S-210330-01176,,Lumisizer - VM,Lumisizer Separation Severity,0.00
R-20210330-00054,S-210330-01176,,Lumisizer - VM,Lumisizer Onset of Major Separation,0
R-20210331-00049,S-210331-00660,,Lumisizer - VM,Lumisizer Onset of Major Separation,0
R-20210331-00049,S-210331-00660,,Lumisizer - VM,Lumisizer Separation,N
R-20210331-00049,S-210331-00660,,Lumisizer - VM,Lumisizer Separated Layers,0
R-20210331-00049,S-210331-00660,,Lumisizer - VM,Lumisizer Separation Severity,0.00
R-20210331-00049,S-210331-00660,,Lumisizer - VM,Lumisizer Separation Location,N/A
R-20210331-00050,S-210331-00752,,Lumisizer - VM,Lumisizer Separated Layers,2
R-20210331-00050,S-210331-00752,,Lumisizer - VM,Lumisizer Separation,Y
R-20210331-00050,S-210331-00752,,Lumisizer - VM,Lumisizer Onset of Major Separation,10
R-20210331-00050,S-210331-00752,,Lumisizer - VM,Lumisizer Separation Location,Top
R-20210331-00050,S-210331-00752,,Lumisizer - VM,Lumisizer Separation Severity,4.70
R-20210331-00051,S-210331-00706,,Lumisizer - VM,Lumisizer Separation Location,Bottom
R-20210331-00051,S-210331-00706,,Lumisizer - VM,Lumisizer Onset of Major Separation,120
R-20210331-00051,S-210331-00706,,Lumisizer - VM,Lumisizer Separation,Y
R-20210331-00051,S-210331-00706,,Lumisizer - VM,Lumisizer Separated Layers,2
R-20210331-00051,S-210331-00706,,Lumisizer - VM,Lumisizer Separation Severity,9.00
R-20210405-00003,S-210405-00131,,Lumisizer - VM,Lumisizer Onset of Major Separation,60
R-20210405-00003,S-210405-00131,,Lumisizer - VM,Lumisizer Separation,Y
R-20210405-00003,S-210405-00131,,Lumisizer - VM,Lumisizer Separation Severity,1.70
R-20210405-00003,S-210405-00131,,Lumisizer - VM,Lumisizer Separated Layers,2
R-20210405-00003,S-210405-00131,,Lumisizer - VM,Lumisizer Separation Location,Top
R-20210405-00010,S-210405-00369,,Lumisizer - VM,Lumisizer Separation,Y
R-20210405-00010,S-210405-00369,,Lumisizer - VM,Lumisizer Onset of Major Separation,115
R-20210405-00010,S-210405-00369,,Lumisizer - VM,Lumisizer Separated Layers,2
R-20210405-00010,S-210405-00369,,Lumisizer - VM,Lumisizer Separation Location,Bottom
R-20210405-00010,S-210405-00369,,Lumisizer - VM,Lumisizer Separation Severity,4.74
R-20210405-00011,S-210405-00377,,Lumisizer - VM,Lumisizer Separated Layers,2
R-20210405-00011,S-210405-00377,,Lumisizer - VM,Lumisizer Separation,Y
R-20210405-00011,S-210405-00377,,Lumisizer - VM,Lumisizer Separation Severity,5.75
R-20210405-00011,S-210405-00377,,Lumisizer - VM,Lumisizer Onset of Major Separation,105
R-20210405-00011,S-210405-00377,,Lumisizer - VM,Lumisizer Separation Location,Bottom
R-20210405-00012,S-210405-00412,,Lumisizer - VM,Lumisizer Separation,Y
R-20210405-00012,S-210405-00412,,Lumisizer - VM,Lumisizer Separated Layers,3
R-20210405-00012,S-210405-00412,,Lumisizer - VM,Lumisizer Onset of Major Separation,95
R-20210405-00012,S-210405-00412,,Lumisizer - VM,Lumisizer Separation Location,Top/Bottom
R-20210405-00012,S-210405-00412,,Lumisizer - VM,Lumisizer Separation Severity,4.99
R-20210406-00035,S-210406-02684,,Lumisizer - VM,Lumisizer Separation Severity,1.70
R-20210406-00035,S-210406-02684,,Lumisizer - VM,Lumisizer Separated Layers,2
R-20210406-00035,S-210406-02684,,Lumisizer - VM,Lumisizer Onset of Major Separation,60
R-20210406-00035,S-210406-02684,,Lumisizer - VM,Lumisizer Separation,Y
R-20210406-00035,S-210406-02684,,Lumisizer - VM,Lumisizer Separation Location,Top
R-20210408-00140,S-210409-00258,,Lumisizer - VM,Lumisizer Separation Location,Top
R-20210408-00140,S-210409-00258,,Lumisizer - VM,Lumisizer Onset of Major Separation,60
R-20210408-00140,S-210409-00258,,Lumisizer - VM,Lumisizer Separation Severity,1.80
R-20210408-00140,S-210409-00258,,Lumisizer - VM,Lumisizer Separated Layers,2
R-20210408-00140,S-210409-00258,,Lumisizer - VM,Lumisizer Separation,Y
R-20210412-00058,S-210412-01086,,Lumisizer - VM,Lumisizer Separation Location,Bottom
R-20210412-00058,S-210412-01086,,Lumisizer - VM,Lumisizer Onset of Major Separation,85
R-20210412-00058,S-210412-01086,,Lumisizer - VM,Lumisizer Separated Layers,3
R-20210412-00058,S-210412-01086,,Lumisizer - VM,Lumisizer Separation,Y
R-20210412-00058,S-210412-01086,,Lumisizer - VM,Lumisizer Separation Severity,7.65
R-20210415-00023,S-210415-00692,,Lumisizer - VM,Lumisizer Separation Severity,1.40
R-20210415-00023,S-210415-00692,,Lumisizer - VM,Lumisizer Separation,Y
R-20210415-00023,S-210415-00692,,Lumisizer - VM,Lumisizer Onset of Major Separation,60
R-20210415-00023,S-210415-00692,,Lumisizer - VM,Lumisizer Separated Layers,2
R-20210415-00023,S-210415-00692,,Lumisizer - VM,Lumisizer Separation Location,Top
R-20210415-00055,S-210415-01304,,Lumisizer - VM,Lumisizer Separated Layers,2
R-20210415-00055,S-210415-01304,,Lumisizer - VM,Lumisizer Separation Severity,3.20
R-20210415-00055,S-210415-01304,,Lumisizer - VM,Lumisizer Separation,Y
R-20210415-00055,S-210415-01304,,Lumisizer - VM,Lumisizer Separation Location,Top
R-20210415-00055,S-210415-01304,,Lumisizer - VM,Lumisizer Onset of Major Separation,75
R-20210416-00031,S-210416-01061,,Lumisizer - VM,Lumisizer Onset of Major Separation,12
R-20210416-00031,S-210416-01061,,Lumisizer - VM,Lumisizer Separation Location,Top/Middle
R-20210416-00031,S-210416-01061,,Lumisizer - VM,Lumisizer Separated Layers,3
R-20210416-00031,S-210416-01061,,Lumisizer - VM,Lumisizer Separation Severity,89.30
R-20210416-00031,S-210416-01061,,Lumisizer - VM,Lumisizer Separation,Y
R-20210416-00033,S-210416-01119,,Lumisizer - VM,Lumisizer Separation,Y
R-20210416-00033,S-210416-01119,,Lumisizer - VM,Lumisizer Onset of Major Separation,60
R-20210416-00033,S-210416-01119,,Lumisizer - VM,Lumisizer Separation Location,Top
R-20210416-00033,S-210416-01119,,Lumisizer - VM,Lumisizer Separated Layers,2
R-20210416-00033,S-210416-01119,,Lumisizer - VM,Lumisizer Separation Severity,1.90
R-20210416-00034,S-210416-01143,,Lumisizer - VM,Lumisizer Separated Layers,2
R-20210416-00034,S-210416-01143,,Lumisizer - VM,Lumisizer Separation Location,Top
R-20210416-00034,S-210416-01143,,Lumisizer - VM,Lumisizer Separation,Y
R-20210416-00034,S-210416-01143,,Lumisizer - VM,Lumisizer Separation Severity,11.40
R-20210416-00034,S-210416-01143,,Lumisizer - VM,Lumisizer Onset of Major Separation,20
R-20210423-00049,S-210423-00706,,Lumisizer - VM,Lumisizer Separation Location,Top
R-20210423-00049,S-210423-00706,,Lumisizer - VM,Lumisizer Separation,Y
R-20210423-00049,S-210423-00706,,Lumisizer - VM,Lumisizer Separation Severity,4.4%
R-20210423-00049,S-210423-00706,,Lumisizer - VM,Lumisizer Separated Layers,2
R-20210423-00049,S-210423-00706,,Lumisizer - VM,Lumisizer Onset of Major Separation,40
R-20210423-00050,S-210423-00711,,Lumisizer - VM,Lumisizer Separation,Y
R-20210423-00050,S-210423-00711,,Lumisizer - VM,Lumisizer Separation Location,Top
R-20210423-00050,S-210423-00711,,Lumisizer - VM,Lumisizer Onset of Major Separation,20
R-20210423-00050,S-210423-00711,,Lumisizer - VM,Lumisizer Separation Severity,3.80
R-20210423-00050,S-210423-00711,,Lumisizer - VM,Lumisizer Separated Layers,2
R-20210423-00051,S-210423-00716,,Lumisizer - VM,Lumisizer Onset of Major Separation,20
R-20210423-00051,S-210423-00716,,Lumisizer - VM,Lumisizer Separation Severity,3.70
R-20210423-00051,S-210423-00716,,Lumisizer - VM,Lumisizer Separation Location,Top
R-20210423-00051,S-210423-00716,,Lumisizer - VM,Lumisizer Separation,Y
R-20210423-00051,S-210423-00716,,Lumisizer - VM,Lumisizer Separated Layers,2
R-20210423-00052,S-210423-00721,,Lumisizer - VM,Lumisizer Onset of Major Separation,33
R-20210423-00052,S-210423-00721,,Lumisizer - VM,Lumisizer Separation,Y
R-20210423-00052,S-210423-00721,,Lumisizer - VM,Lumisizer Separation Severity,4.70
R-20210423-00052,S-210423-00721,,Lumisizer - VM,Lumisizer Separation Location,Top
R-20210423-00052,S-210423-00721,,Lumisizer - VM,Lumisizer Separated Layers,2
R-20210423-00053,S-210423-00726,,Lumisizer - VM,Lumisizer Separation,Y
R-20210423-00053,S-210423-00726,,Lumisizer - VM,Lumisizer Separated Layers,2
R-20210423-00053,S-210423-00726,,Lumisizer - VM,Lumisizer Separation Severity,4.20
R-20210423-00053,S-210423-00726,,Lumisizer - VM,Lumisizer Separation Location,Top
R-20210423-00053,S-210423-00726,,Lumisizer - VM,Lumisizer Onset of Major Separation,23
R-20210423-00054,S-210423-00731,,Lumisizer - VM,Lumisizer Separated Layers,2
R-20210423-00054,S-210423-00731,,Lumisizer - VM,Lumisizer Onset of Major Separation,30
R-20210423-00054,S-210423-00731,,Lumisizer - VM,Lumisizer Separation Location,Top
R-20210423-00054,S-210423-00731,,Lumisizer - VM,Lumisizer Separation Severity,4.00
R-20210423-00054,S-210423-00731,,Lumisizer - VM,Lumisizer Separation,Y
R-20210426-00033,S-210426-00462,,Lumisizer - VM,Lumisizer Onset of Major Separation,80
R-20210426-00033,S-210426-00462,,Lumisizer - VM,Lumisizer Separation Location,Top/Bottom
R-20210426-00033,S-210426-00462,,Lumisizer - VM,Lumisizer Separated Layers,3
R-20210426-00033,S-210426-00462,,Lumisizer - VM,Lumisizer Separation,Y
R-20210426-00033,S-210426-00462,,Lumisizer - VM,Lumisizer Separation Severity,9.60
R-20210426-00036,S-210426-00511,,Lumisizer - VM,Lumisizer Separation,N
R-20210426-00036,S-210426-00511,,Lumisizer - VM,Lumisizer Onset of Major Separation,N/A
R-20210426-00036,S-210426-00511,,Lumisizer - VM,Lumisizer Separation Severity,N/A
R-20210426-00036,S-210426-00511,,Lumisizer - VM,Lumisizer Separated Layers,1
R-20210426-00036,S-210426-00511,,Lumisizer - VM,Lumisizer Separation Location,N/A
R-20210427-00043,S-210427-01049,,Lumisizer - VM,Lumisizer Separation Location,Top
R-20210427-00043,S-210427-01049,,Lumisizer - VM,Lumisizer Separation Severity,1.90
R-20210427-00043,S-210427-01049,,Lumisizer - VM,Lumisizer Onset of Major Separation,20
R-20210427-00043,S-210427-01049,,Lumisizer - VM,Lumisizer Separated Layers,2
R-20210427-00043,S-210427-01049,,Lumisizer - VM,Lumisizer Separation,Y
R-20210428-00039,S-210503-00457,,Lumisizer - VM,Lumisizer Separated Layers,1
R-20210428-00039,S-210503-00457,,Lumisizer - VM,Lumisizer Separation Location,N/A
R-20210428-00039,S-210503-00457,,Lumisizer - VM,Lumisizer Separation Severity,NA
R-20210428-00039,S-210503-00457,,Lumisizer - VM,Lumisizer Onset of Major Separation,NA
R-20210428-00039,S-210503-00457,,Lumisizer - VM,Lumisizer Separation,N
R-20210428-00054,S-210428-01762,,Lumisizer - VM,Lumisizer Separation Location,Top
R-20210428-00054,S-210428-01762,,Lumisizer - VM,Lumisizer Separated Layers,2
R-20210428-00054,S-210428-01762,,Lumisizer - VM,Lumisizer Onset of Major Separation,125
R-20210428-00054,S-210428-01762,,Lumisizer - VM,Lumisizer Separation Severity,1.90
R-20210428-00054,S-210428-01762,,Lumisizer - VM,Lumisizer Separation,Y
R-20210503-00019,S-210503-00325,,Lumisizer - VM,Lumisizer Separation Severity,9.80
R-20210503-00019,S-210503-00325,,Lumisizer - VM,Lumisizer Separation Location,Top/Bottom
R-20210503-00019,S-210503-00325,,Lumisizer - VM,Lumisizer Onset of Major Separation,80
R-20210503-00019,S-210503-00325,,Lumisizer - VM,Lumisizer Separated Layers,3
R-20210503-00019,S-210503-00325,,Lumisizer - VM,Lumisizer Separation,Y
R-20210503-00020,S-210503-00371,,Lumisizer - VM,Lumisizer Separated Layers,3
R-20210503-00020,S-210503-00371,,Lumisizer - VM,Lumisizer Separation,Y
R-20210503-00020,S-210503-00371,,Lumisizer - VM,Lumisizer Separation Severity,10.50
R-20210503-00020,S-210503-00371,,Lumisizer - VM,Lumisizer Onset of Major Separation,80
R-20210503-00020,S-210503-00371,,Lumisizer - VM,Lumisizer Separation Location,Top/Bottom
R-20210503-00021,S-210503-00417,,Lumisizer - VM,Lumisizer Separation Severity,N/A
R-20210503-00021,S-210503-00417,,Lumisizer - VM,Lumisizer Separation,N
R-20210503-00021,S-210503-00417,,Lumisizer - VM,Lumisizer Onset of Major Separation,N/A
R-20210503-00021,S-210503-00417,,Lumisizer - VM,Lumisizer Separation Location,N/A
R-20210503-00021,S-210503-00417,,Lumisizer - VM,Lumisizer Separated Layers,1
R-20210505-00026,S-210505-00490,,Lumisizer - VM,Lumisizer Separation,N
R-20210505-00026,S-210505-00490,,Lumisizer - VM,Lumisizer Onset of Major Separation,NA
R-20210505-00026,S-210505-00490,,Lumisizer - VM,Lumisizer Separation Location,N/A
R-20210505-00026,S-210505-00490,,Lumisizer - VM,Lumisizer Separation Severity,NA
R-20210505-00026,S-210505-00490,,Lumisizer - VM,Lumisizer Separated Layers,NA
R-20210506-00038,S-210506-00920,,Lumisizer - VM,Lumisizer Separation,Y
R-20210506-00038,S-210506-00920,,Lumisizer - VM,Lumisizer Separation Severity,9.70
R-20210506-00038,S-210506-00920,,Lumisizer - VM,Lumisizer Onset of Major Separation,70
R-20210506-00038,S-210506-00920,,Lumisizer - VM,Lumisizer Separated Layers,3
R-20210506-00038,S-210506-00920,,Lumisizer - VM,Lumisizer Separation Location,Top/Bottom
R-20210506-00039,S-210506-00966,,Lumisizer - VM,Lumisizer Separated Layers,3
R-20210506-00039,S-210506-00966,,Lumisizer - VM,Lumisizer Separation,Y
R-20210506-00039,S-210506-00966,,Lumisizer - VM,Lumisizer Onset of Major Separation,70
R-20210506-00039,S-210506-00966,,Lumisizer - VM,Lumisizer Separation Severity,11.10
R-20210506-00039,S-210506-00966,,Lumisizer - VM,Lumisizer Separation Location,Top/Bottom
R-20210506-00040,S-210506-01012,,Lumisizer - VM,Lumisizer Separation Location,N/A
R-20210506-00040,S-210506-01012,,Lumisizer - VM,Lumisizer Onset of Major Separation,N/A
R-20210506-00040,S-210506-01012,,Lumisizer - VM,Lumisizer Separated Layers,N/A
R-20210506-00040,S-210506-01012,,Lumisizer - VM,Lumisizer Separation,N
R-20210506-00040,S-210506-01012,,Lumisizer - VM,Lumisizer Separation Severity,N/A
R-20210507-00030,S-210507-00535,,Lumisizer - VM,Lumisizer Onset of Major Separation,80
R-20210507-00030,S-210507-00535,,Lumisizer - VM,Lumisizer Separated Layers,3
R-20210507-00030,S-210507-00535,,Lumisizer - VM,Lumisizer Separation,Y
R-20210507-00030,S-210507-00535,,Lumisizer - VM,Lumisizer Separation Location,Top/Bottom
R-20210507-00030,S-210507-00535,,Lumisizer - VM,Lumisizer Separation Severity,21.00
R-20210507-00041,S-210507-00828,,Lumisizer - VM,Lumisizer Separation,Y
R-20210507-00041,S-210507-00828,,Lumisizer - VM,Lumisizer Onset of Major Separation,50
R-20210507-00041,S-210507-00828,,Lumisizer - VM,Lumisizer Separation Location,Top
R-20210507-00041,S-210507-00828,,Lumisizer - VM,Lumisizer Separated Layers,2
R-20210507-00041,S-210507-00828,,Lumisizer - VM,Lumisizer Separation Severity,1.60
R-20210507-00042,S-210507-00878,,Lumisizer - VM,Lumisizer Onset of Major Separation,N/A
R-20210507-00042,S-210507-00878,,Lumisizer - VM,Lumisizer Separation Location,N/A
R-20210507-00042,S-210507-00878,,Lumisizer - VM,Lumisizer Separation Severity,N/A
R-20210507-00042,S-210507-00878,,Lumisizer - VM,Lumisizer Separation,N
R-20210507-00042,S-210507-00878,,Lumisizer - VM,Lumisizer Separated Layers,N/A
R-20210510-00040,S-210510-00692,,Lumisizer - VM,Lumisizer Separation Severity,NA
R-20210510-00040,S-210510-00692,,Lumisizer - VM,Lumisizer Separated Layers,1
R-20210510-00040,S-210510-00692,,Lumisizer - VM,Lumisizer Separation Location,N/A
R-20210510-00040,S-210510-00692,,Lumisizer - VM,Lumisizer Separation,N
R-20210510-00040,S-210510-00692,,Lumisizer - VM,Lumisizer Onset of Major Separation,NA
R-20210510-00041,S-210510-00716,,Lumisizer - VM,Lumisizer Separation,N
R-20210510-00041,S-210510-00716,,Lumisizer - VM,Lumisizer Separation Severity,NA
R-20210510-00041,S-210510-00716,,Lumisizer - VM,Lumisizer Separated Layers,1
R-20210510-00041,S-210510-00716,,Lumisizer - VM,Lumisizer Onset of Major Separation,NA
R-20210510-00041,S-210510-00716,,Lumisizer - VM,Lumisizer Separation Location,N/A
R-20210510-00050,S-210510-01078,,Lumisizer - VM,Lumisizer Separated Layers,2
R-20210510-00050,S-210510-01078,,Lumisizer - VM,Lumisizer Separation,Y
R-20210510-00050,S-210510-01078,,Lumisizer - VM,Lumisizer Onset of Major Separation,55
R-20210510-00050,S-210510-01078,,Lumisizer - VM,Lumisizer Separation Severity,1.58
R-20210510-00050,S-210510-01078,,Lumisizer - VM,Lumisizer Separation Location,Top
R-20210510-00053,S-210511-00682,,Lumisizer - VM,Lumisizer Separated Layers,2
R-20210510-00053,S-210511-00682,,Lumisizer - VM,Lumisizer Separation Severity,<3.00
R-20210510-00053,S-210511-00682,,Lumisizer - VM,Lumisizer Onset of Major Separation,N/A
R-20210510-00053,S-210511-00682,,Lumisizer - VM,Lumisizer Separation Location,Top
R-20210510-00053,S-210511-00682,,Lumisizer - VM,Lumisizer Separation,Y
R-20210511-00058,S-210511-00766,,Lumisizer - VM,Lumisizer Separation,Y
R-20210511-00058,S-210511-00766,,Lumisizer - VM,Lumisizer Separation Location,Middle/Bottom
R-20210511-00058,S-210511-00766,,Lumisizer - VM,Lumisizer Separated Layers,2
R-20210511-00058,S-210511-00766,,Lumisizer - VM,Lumisizer Separation Severity,23.30
R-20210511-00058,S-210511-00766,,Lumisizer - VM,Lumisizer Onset of Major Separation,85
R-20210511-00069,S-210511-01048,,Lumisizer - VM,Lumisizer Separation,Y
R-20210511-00069,S-210511-01048,,Lumisizer - VM,Lumisizer Separation Severity,1.50
R-20210511-00069,S-210511-01048,,Lumisizer - VM,Lumisizer Onset of Major Separation,90
R-20210511-00069,S-210511-01048,,Lumisizer - VM,Lumisizer Separated Layers,2
R-20210511-00069,S-210511-01048,,Lumisizer - VM,Lumisizer Separation Location,Top
R-20210514-00050,S-210514-00518,,Lumisizer - VM,Lumisizer Onset of Major Separation,235
R-20210514-00050,S-210514-00518,,Lumisizer - VM,Lumisizer Separation Location,Top
R-20210514-00050,S-210514-00518,,Lumisizer - VM,Lumisizer Separated Layers,2
R-20210514-00050,S-210514-00518,,Lumisizer - VM,Lumisizer Separation Severity,1.27
R-20210514-00050,S-210514-00518,,Lumisizer - VM,Lumisizer Separation,Y
R-20210514-00054,S-210514-00618,,Lumisizer - VM,Lumisizer Separation,Y
R-20210514-00054,S-210514-00618,,Lumisizer - VM,Lumisizer Separated Layers,3
R-20210514-00054,S-210514-00618,,Lumisizer - VM,Lumisizer Onset of Major Separation,20
R-20210514-00054,S-210514-00618,,Lumisizer - VM,Lumisizer Separation Location,Top/Bottom
R-20210514-00054,S-210514-00618,,Lumisizer - VM,Lumisizer Separation Severity,43.10
R-20210514-00055,S-210514-00664,,Lumisizer - VM,Lumisizer Onset of Major Separation,20
R-20210514-00055,S-210514-00664,,Lumisizer - VM,Lumisizer Separated Layers,3
R-20210514-00055,S-210514-00664,,Lumisizer - VM,Lumisizer Separation,Y
R-20210514-00055,S-210514-00664,,Lumisizer - VM,Lumisizer Separation Location,Top/Bottom
R-20210514-00055,S-210514-00664,,Lumisizer - VM,Lumisizer Separation Severity,54.10
R-20210514-00056,S-210514-00688,,Lumisizer - VM,Lumisizer Separated Layers,2
R-20210514-00056,S-210514-00688,,Lumisizer - VM,Lumisizer Separation,Y
R-20210514-00056,S-210514-00688,,Lumisizer - VM,Lumisizer Onset of Major Separation,75
R-20210514-00056,S-210514-00688,,Lumisizer - VM,Lumisizer Separation Severity,0.90
R-20210514-00056,S-210514-00688,,Lumisizer - VM,Lumisizer Separation Location,Top
R-20210514-00057,S-210514-00712,,Lumisizer - VM,Lumisizer Separated Layers,2
R-20210514-00057,S-210514-00712,,Lumisizer - VM,Lumisizer Onset of Major Separation,140
R-20210514-00057,S-210514-00712,,Lumisizer - VM,Lumisizer Separation Severity,1.10
R-20210514-00057,S-210514-00712,,Lumisizer - VM,Lumisizer Separation,Y
R-20210514-00057,S-210514-00712,,Lumisizer - VM,Lumisizer Separation Location,Top
R-20210519-00007,S-210519-00953,,Lumisizer - VM,Lumisizer Separated Layers,2
R-20210519-00007,S-210519-00953,,Lumisizer - VM,Lumisizer Separation,Y
R-20210519-00007,S-210519-00953,,Lumisizer - VM,Lumisizer Onset of Major Separation,85
R-20210519-00007,S-210519-00953,,Lumisizer - VM,Lumisizer Separation Location,Top
R-20210519-00007,S-210519-00953,,Lumisizer - VM,Lumisizer Separation Severity,3.50
R-20210521-00024,S-210521-00386,,Lumisizer - VM,Lumisizer Separation,Y
R-20210521-00024,S-210521-00386,,Lumisizer - VM,Lumisizer Separation Location,Top
R-20210521-00024,S-210521-00386,,Lumisizer - VM,Lumisizer Separated Layers,2
R-20210521-00024,S-210521-00386,,Lumisizer - VM,Lumisizer Separation Severity,1.76
R-20210521-00024,S-210521-00386,,Lumisizer - VM,Lumisizer Onset of Major Separation,185
R-20210521-00026,S-210521-00432,,Lumisizer - VM,Lumisizer Separation Severity,9.05
R-20210521-00026,S-210521-00432,,Lumisizer - VM,Lumisizer Onset of Major Separation,215
R-20210521-00026,S-210521-00432,,Lumisizer - VM,Lumisizer Separation,Y
R-20210521-00026,S-210521-00432,,Lumisizer - VM,Lumisizer Separated Layers,3
R-20210521-00026,S-210521-00432,,Lumisizer - VM,Lumisizer Separation Location,Top/Bottom
R-20210524-00013,S-210524-00378,,Lumisizer - VM,Lumisizer Separated Layers,3
R-20210524-00013,S-210524-00378,,Lumisizer - VM,Lumisizer Onset of Major Separation,100
R-20210524-00013,S-210524-00378,,Lumisizer - VM,Lumisizer Separation Severity,5.02
R-20210524-00013,S-210524-00378,,Lumisizer - VM,Lumisizer Separation,Y
R-20210524-00013,S-210524-00378,,Lumisizer - VM,Lumisizer Separation Location,Top/Bottom
R-20210524-00022,S-210524-00508,,Lumisizer - VM,Lumisizer Separation Location,N/A
R-20210524-00022,S-210524-00508,,Lumisizer - VM,Lumisizer Onset of Major Separation,NA
R-20210524-00022,S-210524-00508,,Lumisizer - VM,Lumisizer Separation Severity,NA
R-20210524-00022,S-210524-00508,,Lumisizer - VM,Lumisizer Separation,N
R-20210524-00022,S-210524-00508,,Lumisizer - VM,Lumisizer Separated Layers,1
R-20210525-00045,S-210525-00806,,Lumisizer - VM,Lumisizer Separated Layers,2
R-20210525-00045,S-210525-00806,,Lumisizer - VM,Lumisizer Separation Severity,10.40
R-20210525-00045,S-210525-00806,,Lumisizer - VM,Lumisizer Onset of Major Separation,50
R-20210525-00045,S-210525-00806,,Lumisizer - VM,Lumisizer Separation,Y
R-20210525-00045,S-210525-00806,,Lumisizer - VM,Lumisizer Separation Location,Bottom
R-20210525-00048,S-210525-00772,,Lumisizer - VM,Lumisizer Separation,Y
R-20210525-00048,S-210525-00772,,Lumisizer - VM,Lumisizer Onset of Major Separation,115
R-20210525-00048,S-210525-00772,,Lumisizer - VM,Lumisizer Separated Layers,2
R-20210525-00048,S-210525-00772,,Lumisizer - VM,Lumisizer Separation Location,Top
R-20210525-00048,S-210525-00772,,Lumisizer - VM,Lumisizer Separation Severity,2.10
R-20210526-00053,S-210526-01044,,Lumisizer - VM,Lumisizer Separation Location,Top
R-20210526-00053,S-210526-01044,,Lumisizer - VM,Lumisizer Separation Severity,2.10
R-20210526-00053,S-210526-01044,,Lumisizer - VM,Lumisizer Separated Layers,2
R-20210526-00053,S-210526-01044,,Lumisizer - VM,Lumisizer Onset of Major Separation,230
R-20210526-00053,S-210526-01044,,Lumisizer - VM,Lumisizer Separation,Y
R-20210601-00031,S-210601-00565,,Lumisizer - VM,Lumisizer Onset of Major Separation,10
R-20210601-00031,S-210601-00565,,Lumisizer - VM,Lumisizer Separation,Y
R-20210601-00031,S-210601-00565,,Lumisizer - VM,Lumisizer Separated Layers,3
R-20210601-00031,S-210601-00565,,Lumisizer - VM,Lumisizer Separation Location,Top/Middle/Bottom
R-20210601-00031,S-210601-00565,,Lumisizer - VM,Lumisizer Separation Severity,30.00
R-20210601-00032,S-210601-00597,,Lumisizer - VM,Lumisizer Separation Severity,32.00
R-20210601-00032,S-210601-00597,,Lumisizer - VM,Lumisizer Separation Location,Top/Middle/Bottom
R-20210601-00032,S-210601-00597,,Lumisizer - VM,Lumisizer Separated Layers,4
R-20210601-00032,S-210601-00597,,Lumisizer - VM,Lumisizer Separation,Y
R-20210601-00032,S-210601-00597,,Lumisizer - VM,Lumisizer Onset of Major Separation,5
R-20210602-00059,S-210602-01946,,Lumisizer - VM,Lumisizer Separation,Y
R-20210602-00059,S-210602-01946,,Lumisizer - VM,Lumisizer Onset of Major Separation,20
R-20210602-00059,S-210602-01946,,Lumisizer - VM,Lumisizer Separation Location,Top
R-20210602-00059,S-210602-01946,,Lumisizer - VM,Lumisizer Separated Layers,2
R-20210602-00059,S-210602-01946,,Lumisizer - VM,Lumisizer Separation Severity,4.70
R-20210602-00060,S-210602-01978,,Lumisizer - VM,Lumisizer Separated Layers,3
R-20210602-00060,S-210602-01978,,Lumisizer - VM,Lumisizer Separation Severity,2.70
R-20210602-00060,S-210602-01978,,Lumisizer - VM,Lumisizer Separation Location,Top/Bottom
R-20210602-00060,S-210602-01978,,Lumisizer - VM,Lumisizer Separation,Y
R-20210602-00060,S-210602-01978,,Lumisizer - VM,Lumisizer Onset of Major Separation,20
R-20210602-00077,S-210602-02421,,Lumisizer - VM,Lumisizer Separation Location,Top/Middle
R-20210602-00077,S-210602-02421,,Lumisizer - VM,Lumisizer Separation Severity,12.20
R-20210602-00077,S-210602-02421,,Lumisizer - VM,Lumisizer Onset of Major Separation,10
R-20210602-00077,S-210602-02421,,Lumisizer - VM,Lumisizer Separated Layers,4
R-20210602-00077,S-210602-02421,,Lumisizer - VM,Lumisizer Separation,Y
R-20210603-00058,S-210603-00852,,Lumisizer - VM,Lumisizer Onset of Major Separation,40
R-20210603-00058,S-210603-00852,,Lumisizer - VM,Lumisizer Separated Layers,2
R-20210603-00058,S-210603-00852,,Lumisizer - VM,Lumisizer Separation,Y
R-20210603-00058,S-210603-00852,,Lumisizer - VM,Lumisizer Separation Location,Top/Middle
R-20210603-00058,S-210603-00852,,Lumisizer - VM,Lumisizer Separation Severity,12.60
R-20210604-00050,S-210604-00899,,Lumisizer - VM,Lumisizer Separation,N
R-20210604-00050,S-210604-00899,,Lumisizer - VM,Lumisizer Separated Layers,NA
R-20210604-00050,S-210604-00899,,Lumisizer - VM,Lumisizer Separation Location,N/A
R-20210604-00050,S-210604-00899,,Lumisizer - VM,Lumisizer Onset of Major Separation,NA
R-20210604-00050,S-210604-00899,,Lumisizer - VM,Lumisizer Separation Severity,NA
R-20210604-00051,S-210604-00945,,Lumisizer - VM,Lumisizer Separated Layers,NA
R-20210604-00051,S-210604-00945,,Lumisizer - VM,Lumisizer Separation Severity,NA
R-20210604-00051,S-210604-00945,,Lumisizer - VM,Lumisizer Onset of Major Separation,NA
R-20210604-00051,S-210604-00945,,Lumisizer - VM,Lumisizer Separation Location,N/A
R-20210604-00051,S-210604-00945,,Lumisizer - VM,Lumisizer Separation,N
R-20210604-00052,S-210604-00992,,Lumisizer - VM,Lumisizer Separated Layers,1
R-20210604-00052,S-210604-00992,,Lumisizer - VM,Lumisizer Onset of Major Separation,NA
R-20210604-00052,S-210604-00992,,Lumisizer - VM,Lumisizer Separation Location,N/A
R-20210604-00052,S-210604-00992,,Lumisizer - VM,Lumisizer Separation,N
R-20210604-00052,S-210604-00992,,Lumisizer - VM,Lumisizer Separation Severity,NA
R-20210610-00079,S-210610-00942,,Lumisizer - VM,Lumisizer Separation Location,Bottom
R-20210610-00079,S-210610-00942,,Lumisizer - VM,Lumisizer Separated Layers,3
R-20210610-00079,S-210610-00942,,Lumisizer - VM,Lumisizer Separation Severity,9.35
R-20210610-00079,S-210610-00942,,Lumisizer - VM,Lumisizer Onset of Major Separation,100
R-20210610-00079,S-210610-00942,,Lumisizer - VM,Lumisizer Separation,Y
R-20210610-00080,S-210610-00973,,Lumisizer - VM,Lumisizer Separation Location,Bottom
R-20210610-00080,S-210610-00973,,Lumisizer - VM,Lumisizer Separation,Y
R-20210610-00080,S-210610-00973,,Lumisizer - VM,Lumisizer Onset of Major Separation,220
R-20210610-00080,S-210610-00973,,Lumisizer - VM,Lumisizer Separated Layers,3
R-20210610-00080,S-210610-00973,,Lumisizer - VM,Lumisizer Separation Severity,8.93
R-20210611-00035,S-210611-02511,,Lumisizer - VM,Lumisizer Onset of Major Separation,185
R-20210611-00035,S-210611-02511,,Lumisizer - VM,Lumisizer Separation Severity,1.98
R-20210611-00035,S-210611-02511,,Lumisizer - VM,Lumisizer Separated Layers,2
R-20210611-00035,S-210611-02511,,Lumisizer - VM,Lumisizer Separation,Y
R-20210611-00035,S-210611-02511,,Lumisizer - VM,Lumisizer Separation Location,Top
R-20210611-00036,S-210611-02570,,Lumisizer - VM,Lumisizer Separated Layers,1
R-20210611-00036,S-210611-02570,,Lumisizer - VM,Lumisizer Separation Location,N/A
R-20210611-00036,S-210611-02570,,Lumisizer - VM,Lumisizer Separation,N
R-20210611-00036,S-210611-02570,,Lumisizer - VM,Lumisizer Onset of Major Separation,NA
R-20210611-00036,S-210611-02570,,Lumisizer - VM,Lumisizer Separation Severity,NA
R-20210611-00037,S-210611-02616,,Lumisizer - VM,Lumisizer Onset of Major Separation,70
R-20210611-00037,S-210611-02616,,Lumisizer - VM,Lumisizer Separation Location,Top/Middle/Bottom
R-20210611-00037,S-210611-02616,,Lumisizer - VM,Lumisizer Separation,Y
R-20210611-00037,S-210611-02616,,Lumisizer - VM,Lumisizer Separated Layers,4
R-20210611-00037,S-210611-02616,,Lumisizer - VM,Lumisizer Separation Severity,~33
R-20210614-00024,S-210614-00720,,Lumisizer - VM,Lumisizer Separated Layers,2
R-20210614-00024,S-210614-00720,,Lumisizer - VM,Lumisizer Separation Severity,22.70
R-20210614-00024,S-210614-00720,,Lumisizer - VM,Lumisizer Onset of Major Separation,2
R-20210614-00024,S-210614-00720,,Lumisizer - VM,Lumisizer Separation Location,Top
R-20210614-00024,S-210614-00720,,Lumisizer - VM,Lumisizer Separation,Y
R-20210614-00028,S-210614-00787,,Lumisizer - VM,Lumisizer Separation Severity,8.48
R-20210614-00028,S-210614-00787,,Lumisizer - VM,Lumisizer Separation Location,Bottom
R-20210614-00028,S-210614-00787,,Lumisizer - VM,Lumisizer Onset of Major Separation,20
R-20210614-00028,S-210614-00787,,Lumisizer - VM,Lumisizer Separation,Y
R-20210614-00028,S-210614-00787,,Lumisizer - VM,Lumisizer Separated Layers,3
R-20210614-00029,S-210614-00811,,Lumisizer - VM,Lumisizer Separated Layers,1
R-20210614-00029,S-210614-00811,,Lumisizer - VM,Lumisizer Onset of Major Separation,NA
R-20210614-00029,S-210614-00811,,Lumisizer - VM,Lumisizer Separation Location,N/A
R-20210614-00029,S-210614-00811,,Lumisizer - VM,Lumisizer Separation Severity,NA
R-20210614-00029,S-210614-00811,,Lumisizer - VM,Lumisizer Separation,N
R-20210616-00058,S-210616-00973,,Lumisizer - VM,Lumisizer Separation Location,N/A
R-20210616-00058,S-210616-00973,,Lumisizer - VM,Lumisizer Separation,N
R-20210616-00058,S-210616-00973,,Lumisizer - VM,Lumisizer Separated Layers,1
R-20210616-00058,S-210616-00973,,Lumisizer - VM,Lumisizer Onset of Major Separation,NA
R-20210616-00058,S-210616-00973,,Lumisizer - VM,Lumisizer Separation Severity,NA
R-20210616-00059,S-210616-01005,,Lumisizer - VM,Lumisizer Separation Location,Top
R-20210616-00059,S-210616-01005,,Lumisizer - VM,Lumisizer Separation,Y
R-20210616-00059,S-210616-01005,,Lumisizer - VM,Lumisizer Separated Layers,2
R-20210616-00059,S-210616-01005,,Lumisizer - VM,Lumisizer Onset of Major Separation,30
R-20210616-00059,S-210616-01005,,Lumisizer - VM,Lumisizer Separation Severity,2.20
R-20210616-00060,S-210616-01037,,Lumisizer - VM,Lumisizer Separation Location,Top/Middle
R-20210616-00060,S-210616-01037,,Lumisizer - VM,Lumisizer Separated Layers,3
R-20210616-00060,S-210616-01037,,Lumisizer - VM,Lumisizer Separation Severity,17.11
R-20210616-00060,S-210616-01037,,Lumisizer - VM,Lumisizer Onset of Major Separation,2
R-20210616-00060,S-210616-01037,,Lumisizer - VM,Lumisizer Separation,Y
R-20210616-00062,S-210616-01070,,Lumisizer - VM,Lumisizer Separation Severity,<3
R-20210616-00062,S-210616-01070,,Lumisizer - VM,Lumisizer Separation Location,Bottom
R-20210616-00062,S-210616-01070,,Lumisizer - VM,Lumisizer Separation,Y
R-20210616-00062,S-210616-01070,,Lumisizer - VM,Lumisizer Onset of Major Separation,150
R-20210616-00062,S-210616-01070,,Lumisizer - VM,Lumisizer Separated Layers,2
R-20210616-00101,S-210616-01278,,Lumisizer - VM,Lumisizer Separation,N
R-20210616-00101,S-210616-01278,,Lumisizer - VM,Lumisizer Separated Layers,1
R-20210616-00101,S-210616-01278,,Lumisizer - VM,Lumisizer Onset of Major Separation,NA
R-20210616-00101,S-210616-01278,,Lumisizer - VM,Lumisizer Separation Location,N/A
R-20210616-00101,S-210616-01278,,Lumisizer - VM,Lumisizer Separation Severity,NA
R-20210621-00041,S-210621-01299,,Lumisizer - VM,Lumisizer Separated Layers,2
R-20210621-00041,S-210621-01299,,Lumisizer - VM,Lumisizer Separation Location,Bottom
R-20210621-00041,S-210621-01299,,Lumisizer - VM,Lumisizer Onset of Major Separation,220
R-20210621-00041,S-210621-01299,,Lumisizer - VM,Lumisizer Separation,Y
R-20210621-00041,S-210621-01299,,Lumisizer - VM,Lumisizer Separation Severity,1.00
R-20210621-00042,S-210621-01345,,Lumisizer - VM,Lumisizer Separated Layers,2
R-20210621-00042,S-210621-01345,,Lumisizer - VM,Lumisizer Separation Location,Bottom
R-20210621-00042,S-210621-01345,,Lumisizer - VM,Lumisizer Onset of Major Separation,135
R-20210621-00042,S-210621-01345,,Lumisizer - VM,Lumisizer Separation,Y
R-20210621-00042,S-210621-01345,,Lumisizer - VM,Lumisizer Separation Severity,4.00
R-20210621-00044,S-210621-01391,,Lumisizer - VM,Lumisizer Separation Location,Top/Bottom
R-20210621-00044,S-210621-01391,,Lumisizer - VM,Lumisizer Onset of Major Separation,35
R-20210621-00044,S-210621-01391,,Lumisizer - VM,Lumisizer Separation Severity,14.50
R-20210621-00044,S-210621-01391,,Lumisizer - VM,Lumisizer Separated Layers,3
R-20210621-00044,S-210621-01391,,Lumisizer - VM,Lumisizer Separation,Y
R-20210622-00057,S-210622-01697,,Lumisizer - VM,Lumisizer Onset of Major Separation,NA
R-20210622-00057,S-210622-01697,,Lumisizer - VM,Lumisizer Separation Location,N/A
R-20210622-00057,S-210622-01697,,Lumisizer - VM,Lumisizer Separation,N
R-20210622-00057,S-210622-01697,,Lumisizer - VM,Lumisizer Separated Layers,1
R-20210622-00057,S-210622-01697,,Lumisizer - VM,Lumisizer Separation Severity,NA
R-20210623-00039,S-210623-00595,,Lumisizer - VM,Lumisizer Separation Location,N/A
R-20210623-00039,S-210623-00595,,Lumisizer - VM,Lumisizer Onset of Major Separation,NA
R-20210623-00039,S-210623-00595,,Lumisizer - VM,Lumisizer Separation,N
R-20210623-00039,S-210623-00595,,Lumisizer - VM,Lumisizer Separation Severity,NA
R-20210623-00039,S-210623-00595,,Lumisizer - VM,Lumisizer Separated Layers,1
R-20210623-00042,S-210623-00627,,Lumisizer - VM,Lumisizer Separation,N
R-20210623-00042,S-210623-00627,,Lumisizer - VM,Lumisizer Separation Severity,NA
R-20210623-00042,S-210623-00627,,Lumisizer - VM,Lumisizer Separated Layers,1
R-20210623-00042,S-210623-00627,,Lumisizer - VM,Lumisizer Onset of Major Separation,NA
R-20210623-00042,S-210623-00627,,Lumisizer - VM,Lumisizer Separation Location,N/A
R-20210623-00057,S-210623-00811,,Lumisizer - VM,Lumisizer Separation Severity,NA
R-20210623-00057,S-210623-00811,,Lumisizer - VM,Lumisizer Onset of Major Separation,NA
R-20210623-00057,S-210623-00811,,Lumisizer - VM,Lumisizer Separation Location,N/A
R-20210623-00057,S-210623-00811,,Lumisizer - VM,Lumisizer Separated Layers,1
R-20210623-00057,S-210623-00811,,Lumisizer - VM,Lumisizer Separation,N
R-20210624-00042,S-210624-00914,,Lumisizer - VM,Lumisizer Onset of Major Separation,20
R-20210624-00042,S-210624-00914,,Lumisizer - VM,Lumisizer Separation Location,Top/Middle/Bottom
R-20210624-00042,S-210624-00914,,Lumisizer - VM,Lumisizer Separated Layers,3
R-20210624-00042,S-210624-00914,,Lumisizer - VM,Lumisizer Separation Severity,39.80
R-20210624-00042,S-210624-00914,,Lumisizer - VM,Lumisizer Separation,N
R-20210629-00052,S-210629-01275,,Lumisizer - VM,Lumisizer Onset of Major Separation,20
R-20210629-00052,S-210629-01275,,Lumisizer - VM,Lumisizer Separation Severity,11.03
R-20210629-00052,S-210629-01275,,Lumisizer - VM,Lumisizer Separation,Y
R-20210629-00052,S-210629-01275,,Lumisizer - VM,Lumisizer Separated Layers,4
R-20210629-00052,S-210629-01275,,Lumisizer - VM,Lumisizer Separation Location,Top/Middle/Bottom
R-20210629-00054,S-210629-01348,,Lumisizer - VM,Lumisizer Onset of Major Separation,NA
R-20210629-00054,S-210629-01348,,Lumisizer - VM,Lumisizer Separation Location,N/A
R-20210629-00054,S-210629-01348,,Lumisizer - VM,Lumisizer Separation Severity,NA
R-20210629-00054,S-210629-01348,,Lumisizer - VM,Lumisizer Separated Layers,1
R-20210629-00054,S-210629-01348,,Lumisizer - VM,Lumisizer Separation,N
R-20210630-00071,S-210630-00441,,Lumisizer - VM,Lumisizer Separated Layers,1
R-20210630-00071,S-210630-00441,,Lumisizer - VM,Lumisizer Onset of Major Separation,NA
R-20210630-00071,S-210630-00441,,Lumisizer - VM,Lumisizer Separation Severity,NA
R-20210630-00071,S-210630-00441,,Lumisizer - VM,Lumisizer Separation Location,N/A
R-20210630-00071,S-210630-00441,,Lumisizer - VM,Lumisizer Separation,N
R-20210630-00075,S-210630-00508,,Lumisizer - VM,Lumisizer Separation Location,N/A
R-20210630-00075,S-210630-00508,,Lumisizer - VM,Lumisizer Separated Layers,1
R-20210630-00075,S-210630-00508,,Lumisizer - VM,Lumisizer Separation,N
R-20210630-00075,S-210630-00508,,Lumisizer - VM,Lumisizer Onset of Major Separation,NA
R-20210630-00075,S-210630-00508,,Lumisizer - VM,Lumisizer Separation Severity,NA
R-20210630-00076,S-210630-00540,,Lumisizer - VM,Lumisizer Separation Severity,NA
R-20210630-00076,S-210630-00540,,Lumisizer - VM,Lumisizer Separation,N
R-20210630-00076,S-210630-00540,,Lumisizer - VM,Lumisizer Separation Location,N/A
R-20210630-00076,S-210630-00540,,Lumisizer - VM,Lumisizer Onset of Major Separation,NA
R-20210630-00076,S-210630-00540,,Lumisizer - VM,Lumisizer Separated Layers,1
R-20210701-00021,S-210701-00643,,Lumisizer - VM,Lumisizer Separated Layers,4
R-20210701-00021,S-210701-00643,,Lumisizer - VM,Lumisizer Separation,Y
R-20210701-00021,S-210701-00643,,Lumisizer - VM,Lumisizer Onset of Major Separation,20
R-20210701-00021,S-210701-00643,,Lumisizer - VM,Lumisizer Separation Location,Top/Middle/Bottom
R-20210701-00021,S-210701-00643,,Lumisizer - VM,Lumisizer Separation Severity,9.1 - 40.9
R-20210701-00032,S-210701-01557,,Lumisizer - VM,Lumisizer Separation Location,N/A
R-20210701-00032,S-210701-01557,,Lumisizer - VM,Lumisizer Separation,N
R-20210701-00032,S-210701-01557,,Lumisizer - VM,Lumisizer Separated Layers,1
R-20210701-00032,S-210701-01557,,Lumisizer - VM,Lumisizer Onset of Major Separation,NA
R-20210701-00032,S-210701-01557,,Lumisizer - VM,Lumisizer Separation Severity,NA
R-20210707-00040,S-210707-00341,,Lumisizer - VM,Lumisizer Separated Layers,3
R-20210707-00040,S-210707-00341,,Lumisizer - VM,Lumisizer Separation,Y
R-20210707-00040,S-210707-00341,,Lumisizer - VM,Lumisizer Separation Location,Top/Middle/Bottom
R-20210707-00040,S-210707-00341,,Lumisizer - VM,Lumisizer Onset of Major Separation,5
R-20210707-00040,S-210707-00341,,Lumisizer - VM,Lumisizer Separation Severity,25.00
R-20210707-00042,S-210707-00404,,Lumisizer - VM,Lumisizer Separated Layers,1
R-20210707-00042,S-210707-00404,,Lumisizer - VM,Lumisizer Separation Severity,NA
R-20210707-00042,S-210707-00404,,Lumisizer - VM,Lumisizer Separation Location,N/A
R-20210707-00042,S-210707-00404,,Lumisizer - VM,Lumisizer Separation,N
R-20210707-00042,S-210707-00404,,Lumisizer - VM,Lumisizer Onset of Major Separation,NA
R-20210707-00052,S-210707-00498,,Lumisizer - VM,Lumisizer Separated Layers,4
R-20210707-00052,S-210707-00498,,Lumisizer - VM,Lumisizer Separation,Y
R-20210707-00052,S-210707-00498,,Lumisizer - VM,Lumisizer Separation Severity,1.8 - 51.1
R-20210707-00052,S-210707-00498,,Lumisizer - VM,Lumisizer Onset of Major Separation,70 - 180
R-20210707-00052,S-210707-00498,,Lumisizer - VM,Lumisizer Separation Location,Top/Middle/Bottom
R-20210708-00042,S-210708-00496,,Lumisizer - VM,Lumisizer Separated Layers,3
R-20210708-00042,S-210708-00496,,Lumisizer - VM,Lumisizer Onset of Major Separation,60 - 110
R-20210708-00042,S-210708-00496,,Lumisizer - VM,Lumisizer Separation Severity,1.7  - 78.4
R-20210708-00042,S-210708-00496,,Lumisizer - VM,Lumisizer Separation Location,Top/Middle/Bottom
R-20210708-00042,S-210708-00496,,Lumisizer - VM,Lumisizer Separation,Y
R-20210709-00049,S-210709-00906,,Lumisizer - VM,Lumisizer Onset of Major Separation,50
R-20210709-00049,S-210709-00906,,Lumisizer - VM,Lumisizer Separated Layers,2
R-20210709-00049,S-210709-00906,,Lumisizer - VM,Lumisizer Separation Location,Top
R-20210709-00049,S-210709-00906,,Lumisizer - VM,Lumisizer Separation,Y
R-20210709-00049,S-210709-00906,,Lumisizer - VM,Lumisizer Separation Severity,12.50
R-20210709-00050,S-210709-00952,,Lumisizer - VM,Lumisizer Separation Severity,5.10
R-20210709-00050,S-210709-00952,,Lumisizer - VM,Lumisizer Onset of Major Separation,130
R-20210709-00050,S-210709-00952,,Lumisizer - VM,Lumisizer Separated Layers,2
R-20210709-00050,S-210709-00952,,Lumisizer - VM,Lumisizer Separation,Y
R-20210709-00050,S-210709-00952,,Lumisizer - VM,Lumisizer Separation Location,Top
R-20210713-00057,S-210713-01021,,Lumisizer - VM,Lumisizer Separation Location,N/A
R-20210713-00057,S-210713-01021,,Lumisizer - VM,Lumisizer Separated Layers,1
R-20210713-00057,S-210713-01021,,Lumisizer - VM,Lumisizer Onset of Major Separation,NA
R-20210713-00057,S-210713-01021,,Lumisizer - VM,Lumisizer Separation Severity,NA
R-20210713-00057,S-210713-01021,,Lumisizer - VM,Lumisizer Separation,N
R-20210713-00058,S-210713-01067,,Lumisizer - VM,Lumisizer Separation Location,N/A
R-20210713-00058,S-210713-01067,,Lumisizer - VM,Lumisizer Separated Layers,NA
R-20210713-00058,S-210713-01067,,Lumisizer - VM,Lumisizer Separation Severity,NA
R-20210713-00058,S-210713-01067,,Lumisizer - VM,Lumisizer Onset of Major Separation,NA
R-20210713-00058,S-210713-01067,,Lumisizer - VM,Lumisizer Separation,N
R-20210713-00059,S-210713-01113,,Lumisizer - VM,Lumisizer Separation Severity,NA
R-20210713-00059,S-210713-01113,,Lumisizer - VM,Lumisizer Separation,N
R-20210713-00059,S-210713-01113,,Lumisizer - VM,Lumisizer Separation Location,N/A
R-20210713-00059,S-210713-01113,,Lumisizer - VM,Lumisizer Separated Layers,NA
R-20210713-00059,S-210713-01113,,Lumisizer - VM,Lumisizer Onset of Major Separation,NA
R-20210713-00067,S-210713-01188,,Lumisizer - VM,Lumisizer Separation,N
R-20210713-00067,S-210713-01188,,Lumisizer - VM,Lumisizer Onset of Major Separation,NA
R-20210713-00067,S-210713-01188,,Lumisizer - VM,Lumisizer Separated Layers,1
R-20210713-00067,S-210713-01188,,Lumisizer - VM,Lumisizer Separation Severity,NA
R-20210713-00067,S-210713-01188,,Lumisizer - VM,Lumisizer Separation Location,N/A
R-20210719-00060,S-210719-00977,,Lumisizer - VM,Lumisizer Separation,N
R-20210719-00060,S-210719-00977,,Lumisizer - VM,Lumisizer Separation Location,N/A
R-20210719-00060,S-210719-00977,,Lumisizer - VM,Lumisizer Separated Layers,1
R-20210719-00060,S-210719-00977,,Lumisizer - VM,Lumisizer Separation Severity,NA
R-20210719-00060,S-210719-00977,,Lumisizer - VM,Lumisizer Onset of Major Separation,NA
R-20210720-00017,S-210720-00384,,Lumisizer - VM,Lumisizer Separation,Y
R-20210720-00017,S-210720-00384,,Lumisizer - VM,Lumisizer Onset of Major Separation,35
R-20210720-00017,S-210720-00384,,Lumisizer - VM,Lumisizer Separation Location,Top
R-20210720-00017,S-210720-00384,,Lumisizer - VM,Lumisizer Separated Layers,2
R-20210720-00017,S-210720-00384,,Lumisizer - VM,Lumisizer Separation Severity,2.10
R-20210720-00018,S-210720-00419,,Lumisizer - VM,Lumisizer Separation,Y
R-20210720-00018,S-210720-00419,,Lumisizer - VM,Lumisizer Separation Severity,2.60
R-20210720-00018,S-210720-00419,,Lumisizer - VM,Lumisizer Separated Layers,2
R-20210720-00018,S-210720-00419,,Lumisizer - VM,Lumisizer Separation Location,Top
R-20210720-00018,S-210720-00419,,Lumisizer - VM,Lumisizer Onset of Major Separation,30
R-20210720-00022,S-210720-00483,,Lumisizer - VM,Lumisizer Separated Layers,2
R-20210720-00022,S-210720-00483,,Lumisizer - VM,Lumisizer Separation Severity,14.10
R-20210720-00022,S-210720-00483,,Lumisizer - VM,Lumisizer Onset of Major Separation,20
R-20210720-00022,S-210720-00483,,Lumisizer - VM,Lumisizer Separation,Y
R-20210720-00022,S-210720-00483,,Lumisizer - VM,Lumisizer Separation Location,Top
R-20210721-00029,S-210721-00346,,Lumisizer - VM,Lumisizer Onset of Major Separation,NA
R-20210721-00029,S-210721-00346,,Lumisizer - VM,Lumisizer Separation,N
R-20210721-00029,S-210721-00346,,Lumisizer - VM,Lumisizer Separation Severity,NA
R-20210721-00029,S-210721-00346,,Lumisizer - VM,Lumisizer Separated Layers,1
R-20210721-00029,S-210721-00346,,Lumisizer - VM,Lumisizer Separation Location,N/A
R-20210721-00036,S-210721-00469,,Lumisizer - VM,Lumisizer Separation Severity,NA
R-20210721-00036,S-210721-00469,,Lumisizer - VM,Lumisizer Onset of Major Separation,NA
R-20210721-00036,S-210721-00469,,Lumisizer - VM,Lumisizer Separation Location,N/A
R-20210721-00036,S-210721-00469,,Lumisizer - VM,Lumisizer Separation,N
R-20210721-00036,S-210721-00469,,Lumisizer - VM,Lumisizer Separated Layers,NA
R-20210802-00039,S-210802-00518,,Lumisizer - VM,Lumisizer Separated Layers,2
R-20210802-00039,S-210802-00518,,Lumisizer - VM,Lumisizer Onset of Major Separation,160
R-20210802-00039,S-210802-00518,,Lumisizer - VM,Lumisizer Separation,Y
R-20210802-00039,S-210802-00518,,Lumisizer - VM,Lumisizer Separation Severity,11.20
R-20210802-00039,S-210802-00518,,Lumisizer - VM,Lumisizer Separation Location,Bottom
R-20210806-00065,S-210806-01022,,Lumisizer - VM,Lumisizer Separation Severity,1% - 10%
R-20210806-00065,S-210806-01022,,Lumisizer - VM,Lumisizer Separation Location,Top/Middle/Bottom
R-20210806-00065,S-210806-01022,,Lumisizer - VM,Lumisizer Onset of Major Separation,35
R-20210806-00065,S-210806-01022,,Lumisizer - VM,Lumisizer Separation,Y
R-20210806-00065,S-210806-01022,,Lumisizer - VM,Lumisizer Separated Layers,3
R-20211029-00052,S-211029-01157,,Lumisizer - VM,Lumisizer Separation,Y
R-20211029-00052,S-211029-01157,,Lumisizer - VM,Lumisizer Onset of Major Separation,0
R-20211029-00052,S-211029-01157,,Lumisizer - VM,Lumisizer Separation Severity,12.80
R-20211029-00052,S-211029-01157,,Lumisizer - VM,Lumisizer Separation Location,Top
R-20211029-00052,S-211029-01157,,Lumisizer - VM,Lumisizer Separated Layers,2
R-20211029-00055,S-211029-01249,,Lumisizer - VM,Lumisizer Separation Location,Top
R-20211029-00055,S-211029-01249,,Lumisizer - VM,Lumisizer Onset of Major Separation,2
R-20211029-00055,S-211029-01249,,Lumisizer - VM,Lumisizer Separation,Y
R-20211029-00055,S-211029-01249,,Lumisizer - VM,Lumisizer Separated Layers,2
R-20211029-00055,S-211029-01249,,Lumisizer - VM,Lumisizer Separation Severity,14.90
R-20211207-00058,S-211207-02369,,Lumisizer - VM,Top Separation,N
R-20211207-00058,S-211207-02369,,Lumisizer - VM,Top Onset (min),NA
R-20211207-00058,S-211207-02369,,Lumisizer - VM,Bottom Onset (min),20 mins
R-20211207-00058,S-211207-02369,,Lumisizer - VM,Top Severity (%),NA
R-20211207-00058,S-211207-02369,,Lumisizer - VM,Bottom Severity (%),significant
R-20211207-00058,S-211207-02369,,Lumisizer - VM,Structure Type,Polymer Network
R-20211207-00058,S-211207-02369,,Lumisizer - VM,Bottom Separation,Y
R-20211210-00044,S-211210-00209,,Lumisizer - VM,Top Onset (min),NA
R-20211210-00044,S-211210-00209,,Lumisizer - VM,Structure Type,Liquid Crystalline Network
R-20211210-00044,S-211210-00209,,Lumisizer - VM,Top Separation,N
R-20211210-00044,S-211210-00209,,Lumisizer - VM,Bottom Onset (min),225.5 mins
R-20211210-00044,S-211210-00209,,Lumisizer - VM,Top Severity (%),NA
R-20211210-00044,S-211210-00209,,Lumisizer - VM,Bottom Severity (%),~8%
R-20211210-00044,S-211210-00209,,Lumisizer - VM,Bottom Separation,Y
R-20220104-00037,S-220104-00201,,Lumisizer - VM,Bottom Onset (min),156.5 mins
R-20220104-00037,S-220104-00201,,Lumisizer - VM,Structure Type,Liquid Crystalline Network
R-20220104-00037,S-220104-00201,,Lumisizer - VM,Bottom Separation,Y
R-20220104-00037,S-220104-00201,,Lumisizer - VM,Top Onset (min),NA
R-20220104-00037,S-220104-00201,,Lumisizer - VM,Top Severity (%),NA
R-20220104-00037,S-220104-00201,,Lumisizer - VM,Bottom Severity (%),~1%
R-20220104-00037,S-220104-00201,,Lumisizer - VM,Top Separation,N
R-20220818-00019,S-220818-00530,,Lumisizer - VM,Structure Type,Other
R-20220818-00019,S-220818-00530,,Lumisizer - VM,Bottom Severity (%),0
R-20220818-00019,S-220818-00530,,Lumisizer - VM,Bottom Onset (min),0
R-20220818-00019,S-220818-00530,,Lumisizer - VM,Top Onset (min),0
R-20220818-00019,S-220818-00530,,Lumisizer - VM,Top Separation,N
R-20220818-00019,S-220818-00530,,Lumisizer - VM,Bottom Separation,N
R-20220818-00019,S-220818-00530,,Lumisizer - VM,Top Severity (%),0
R-20220822-00044,S-220822-01054,,Lumisizer - VM,Bottom Onset (min),250.5
R-20220822-00044,S-220822-01054,,Lumisizer - VM,Top Separation,N
R-20220822-00044,S-220822-01054,,Lumisizer - VM,Bottom Separation,Y
R-20220822-00044,S-220822-01054,,Lumisizer - VM,Top Onset (min),0
R-20220822-00044,S-220822-01054,,Lumisizer - VM,Bottom Severity (%),2.7
R-20220822-00044,S-220822-01054,,Lumisizer - VM,Top Severity (%),0
R-20220823-00036,S-220823-00567,,Lumisizer - VM,Bottom Onset (min),0
R-20220823-00036,S-220823-00567,,Lumisizer - VM,Top Separation,N
R-20220823-00036,S-220823-00567,,Lumisizer - VM,Bottom Severity (%),0
R-20220823-00036,S-220823-00567,,Lumisizer - VM,Structure Type,Other
R-20220823-00036,S-220823-00567,,Lumisizer - VM,Top Onset (min),0
R-20220823-00036,S-220823-00567,,Lumisizer - VM,Bottom Separation,N
R-20220823-00036,S-220823-00567,,Lumisizer - VM,Top Severity (%),0
R-20220826-00049,S-220826-00716,,Lumisizer - VM,Structure Type,Other
R-20220826-00049,S-220826-00716,,Lumisizer - VM,Top Onset (min),0
R-20220826-00049,S-220826-00716,,Lumisizer - VM,Bottom Severity (%),0
R-20220826-00049,S-220826-00716,,Lumisizer - VM,Top Separation,N
R-20220826-00049,S-220826-00716,,Lumisizer - VM,Bottom Onset (min),0
R-20220826-00049,S-220826-00716,,Lumisizer - VM,Bottom Separation,N
R-20220826-00049,S-220826-00716,,Lumisizer - VM,Top Severity (%),0
R-20220826-00051,S-220826-00754,,Lumisizer - VM,Bottom Severity (%),0
R-20220826-00051,S-220826-00754,,Lumisizer - VM,Bottom Separation,N
R-20220826-00051,S-220826-00754,,Lumisizer - VM,Structure Type,Other
R-20220826-00051,S-220826-00754,,Lumisizer - VM,Top Separation,N
R-20220826-00051,S-220826-00754,,Lumisizer - VM,Top Onset (min),0
R-20220826-00051,S-220826-00754,,Lumisizer - VM,Bottom Onset (min),0
R-20220826-00051,S-220826-00754,,Lumisizer - VM,Top Severity (%),0
R-20220830-00035,S-220830-01312,,Lumisizer - VM,Top Severity (%),0
R-20220830-00035,S-220830-01312,,Lumisizer - VM,Bottom Severity (%),0
R-20220830-00035,S-220830-01312,,Lumisizer - VM,Bottom Onset (min),0
R-20220830-00035,S-220830-01312,,Lumisizer - VM,Bottom Separation,N
R-20220830-00035,S-220830-01312,,Lumisizer - VM,Structure Type,Other
R-20220830-00035,S-220830-01312,,Lumisizer - VM,Top Onset (min),0
R-20220830-00035,S-220830-01312,,Lumisizer - VM,Top Separation,N
R-20220830-00036,S-220830-01358,,Lumisizer - VM,Structure Type,Other
R-20220830-00036,S-220830-01358,,Lumisizer - VM,Top Separation,N
R-20220830-00036,S-220830-01358,,Lumisizer - VM,Bottom Severity (%),0
R-20220830-00036,S-220830-01358,,Lumisizer - VM,Bottom Separation,N
R-20220830-00036,S-220830-01358,,Lumisizer - VM,Top Severity (%),0
R-20220830-00036,S-220830-01358,,Lumisizer - VM,Top Onset (min),0
R-20220830-00036,S-220830-01358,,Lumisizer - VM,Bottom Onset (min),0
R-20220831-00038,S-220831-00780,,Lumisizer - VM,Structure Type,Other
R-20220831-00038,S-220831-00780,,Lumisizer - VM,Top Onset (min),0
R-20220831-00038,S-220831-00780,,Lumisizer - VM,Bottom Onset (min),0
R-20220831-00038,S-220831-00780,,Lumisizer - VM,Top Severity (%),0
R-20220831-00038,S-220831-00780,,Lumisizer - VM,Bottom Severity (%),0
R-20220831-00038,S-220831-00780,,Lumisizer - VM,Bottom Separation,N
R-20220831-00038,S-220831-00780,,Lumisizer - VM,Top Separation,N
R-20220908-00063,S-220908-00943,,Lumisizer - VM,Structure Type,Other
R-20220908-00063,S-220908-00943,,Lumisizer - VM,Bottom Separation,N
R-20220908-00063,S-220908-00943,,Lumisizer - VM,Bottom Severity (%),0
R-20220908-00063,S-220908-00943,,Lumisizer - VM,Bottom Onset (min),0
R-20220908-00063,S-220908-00943,,Lumisizer - VM,Top Separation,N
R-20220908-00063,S-220908-00943,,Lumisizer - VM,Top Onset (min),0
R-20220908-00063,S-220908-00943,,Lumisizer - VM,Top Severity (%),0
R-20220908-00064,S-220908-00989,,Lumisizer - VM,Bottom Separation,N
R-20220908-00064,S-220908-00989,,Lumisizer - VM,Top Onset (min),0
R-20220908-00064,S-220908-00989,,Lumisizer - VM,Bottom Onset (min),0
R-20220908-00064,S-220908-00989,,Lumisizer - VM,Top Separation,N
R-20220908-00064,S-220908-00989,,Lumisizer - VM,Bottom Severity (%),0
R-20220908-00064,S-220908-00989,,Lumisizer - VM,Top Severity (%),0
R-20220908-00064,S-220908-00989,,Lumisizer - VM,Structure Type,Other
R-20220908-00065,S-220908-01035,,Lumisizer - VM,Top Onset (min),0
R-20220908-00065,S-220908-01035,,Lumisizer - VM,Bottom Severity (%),0
R-20220908-00065,S-220908-01035,,Lumisizer - VM,Structure Type,Other
R-20220908-00065,S-220908-01035,,Lumisizer - VM,Top Severity (%),0
R-20220908-00065,S-220908-01035,,Lumisizer - VM,Bottom Separation,N
R-20220908-00065,S-220908-01035,,Lumisizer - VM,Top Separation,N
R-20220908-00065,S-220908-01035,,Lumisizer - VM,Bottom Onset (min),0
R-20220909-00068,S-220909-00507,,Lumisizer - VM,Structure Type,Other
R-20220909-00068,S-220909-00507,,Lumisizer - VM,Top Separation,N
R-20220909-00068,S-220909-00507,,Lumisizer - VM,Bottom Onset (min),0
R-20220909-00068,S-220909-00507,,Lumisizer - VM,Top Onset (min),0
R-20220909-00068,S-220909-00507,,Lumisizer - VM,Bottom Separation,N
R-20220909-00068,S-220909-00507,,Lumisizer - VM,Bottom Severity (%),0
R-20220909-00068,S-220909-00507,,Lumisizer - VM,Top Severity (%),0
R-20220914-00056,S-220914-00683,,Lumisizer - VM,Top Onset (min),0
R-20220914-00056,S-220914-00683,,Lumisizer - VM,Top Severity (%),0
R-20220914-00056,S-220914-00683,,Lumisizer - VM,Bottom Severity (%),0
R-20220914-00056,S-220914-00683,,Lumisizer - VM,Top Separation,N
R-20220914-00056,S-220914-00683,,Lumisizer - VM,Bottom Separation,N
R-20220914-00056,S-220914-00683,,Lumisizer - VM,Structure Type,Other
R-20220914-00056,S-220914-00683,,Lumisizer - VM,Bottom Onset (min),0
R-20220915-00037,S-220915-00622,,Lumisizer - VM,Top Severity (%),0
R-20220915-00037,S-220915-00622,,Lumisizer - VM,Bottom Onset (min),0
R-20220915-00037,S-220915-00622,,Lumisizer - VM,Structure Type,Other
R-20220915-00037,S-220915-00622,,Lumisizer - VM,Bottom Severity (%),0
R-20220915-00037,S-220915-00622,,Lumisizer - VM,Bottom Separation,N
R-20220915-00037,S-220915-00622,,Lumisizer - VM,Top Onset (min),0
R-20220915-00037,S-220915-00622,,Lumisizer - VM,Top Separation,N
R-20220920-00045,S-220920-00683,,Lumisizer - VM,Bottom Severity (%),7.2
R-20220920-00045,S-220920-00683,,Lumisizer - VM,Top Separation,N
R-20220920-00045,S-220920-00683,,Lumisizer - VM,Top Onset (min),0
R-20220920-00045,S-220920-00683,,Lumisizer - VM,Structure Type,Other
R-20220920-00045,S-220920-00683,,Lumisizer - VM,Bottom Onset (min),250.6
R-20220920-00045,S-220920-00683,,Lumisizer - VM,Top Severity (%),0
R-20220920-00045,S-220920-00683,,Lumisizer - VM,Bottom Separation,Y
R-20220921-00031,S-220921-00599,,Lumisizer - VM,Structure Type,Other
R-20220921-00031,S-220921-00599,,Lumisizer - VM,Top Separation,N
R-20220921-00031,S-220921-00599,,Lumisizer - VM,Bottom Severity (%),0
R-20220921-00031,S-220921-00599,,Lumisizer - VM,Bottom Onset (min),0
R-20220921-00031,S-220921-00599,,Lumisizer - VM,Top Onset (min),0
R-20220921-00031,S-220921-00599,,Lumisizer - VM,Top Severity (%),0
R-20220921-00031,S-220921-00599,,Lumisizer - VM,Bottom Separation,N
R-20220921-00052,S-220921-01170,,Lumisizer - VM,Structure Type,Other
R-20220921-00052,S-220921-01170,,Lumisizer - VM,Bottom Separation,N
R-20220921-00052,S-220921-01170,,Lumisizer - VM,Bottom Severity (%),0
R-20220921-00052,S-220921-01170,,Lumisizer - VM,Top Severity (%),0
R-20220921-00052,S-220921-01170,,Lumisizer - VM,Bottom Onset (min),0
R-20220921-00052,S-220921-01170,,Lumisizer - VM,Top Onset (min),0
R-20220921-00052,S-220921-01170,,Lumisizer - VM,Top Separation,N
R-20220921-00058,S-220921-01258,,Lumisizer - VM,Bottom Onset (min),0
R-20220921-00058,S-220921-01258,,Lumisizer - VM,Bottom Separation,N
R-20220921-00058,S-220921-01258,,Lumisizer - VM,Top Onset (min),0
R-20220921-00058,S-220921-01258,,Lumisizer - VM,Top Separation,N
R-20220921-00058,S-220921-01258,,Lumisizer - VM,Bottom Severity (%),0
R-20220921-00058,S-220921-01258,,Lumisizer - VM,Top Severity (%),0
R-20220921-00058,S-220921-01258,,Lumisizer - VM,Structure Type,Other
R-20220921-00059,S-220921-01304,,Lumisizer - VM,Bottom Onset (min),0
R-20220921-00059,S-220921-01304,,Lumisizer - VM,Top Separation,N
R-20220921-00059,S-220921-01304,,Lumisizer - VM,Bottom Severity (%),0
R-20220921-00059,S-220921-01304,,Lumisizer - VM,Structure Type,Other
R-20220921-00059,S-220921-01304,,Lumisizer - VM,Bottom Separation,N
R-20220921-00059,S-220921-01304,,Lumisizer - VM,Top Onset (min),0
R-20220921-00059,S-220921-01304,,Lumisizer - VM,Top Severity (%),0
R-20220926-00046,S-220926-00870,,Lumisizer - VM,Top Onset (min),0
R-20220926-00046,S-220926-00870,,Lumisizer - VM,Bottom Onset (min),0
R-20220926-00046,S-220926-00870,,Lumisizer - VM,Structure Type,Other
R-20220926-00046,S-220926-00870,,Lumisizer - VM,Bottom Severity (%),0
R-20220926-00046,S-220926-00870,,Lumisizer - VM,Top Separation,N
R-20220926-00046,S-220926-00870,,Lumisizer - VM,Bottom Separation,N
R-20220926-00046,S-220926-00870,,Lumisizer - VM,Top Severity (%),0
R-20220930-00057,S-220930-00812,,Lumisizer - VM,Bottom Onset (min),0
R-20220930-00057,S-220930-00812,,Lumisizer - VM,Bottom Severity (%),0
R-20220930-00057,S-220930-00812,,Lumisizer - VM,Top Separation,N
R-20220930-00057,S-220930-00812,,Lumisizer - VM,Top Onset (min),0
R-20220930-00057,S-220930-00812,,Lumisizer - VM,Bottom Separation,N
R-20220930-00057,S-220930-00812,,Lumisizer - VM,Top Severity (%),0
R-20221004-00024,S-221004-00381,,Lumisizer - VM,Bottom Onset (min),0
R-20221004-00024,S-221004-00381,,Lumisizer - VM,Bottom Severity (%),0
R-20221004-00024,S-221004-00381,,Lumisizer - VM,Top Separation,N
R-20221004-00024,S-221004-00381,,Lumisizer - VM,Bottom Separation,N
R-20221004-00024,S-221004-00381,,Lumisizer - VM,Top Severity (%),0
R-20221004-00024,S-221004-00381,,Lumisizer - VM,Top Onset (min),0
R-20221004-00025,S-221004-00427,,Lumisizer - VM,Bottom Separation,N
R-20221004-00025,S-221004-00427,,Lumisizer - VM,Bottom Onset (min),0
R-20221004-00025,S-221004-00427,,Lumisizer - VM,Top Onset (min),0
R-20221004-00025,S-221004-00427,,Lumisizer - VM,Top Separation,N
R-20221004-00025,S-221004-00427,,Lumisizer - VM,Bottom Severity (%),0
R-20221004-00025,S-221004-00427,,Lumisizer - VM,Top Severity (%),0
R-20221004-00026,S-221004-00479,,Lumisizer - VM,Bottom Onset (min),0
R-20221004-00026,S-221004-00479,,Lumisizer - VM,Top Separation,N
R-20221004-00026,S-221004-00479,,Lumisizer - VM,Bottom Severity (%),0
R-20221004-00026,S-221004-00479,,Lumisizer - VM,Bottom Separation,N
R-20221004-00026,S-221004-00479,,Lumisizer - VM,Top Onset (min),0
R-20221004-00026,S-221004-00479,,Lumisizer - VM,Top Severity (%),0
R-20221004-00028,S-221004-00525,,Lumisizer - VM,Bottom Severity (%),0
R-20221004-00028,S-221004-00525,,Lumisizer - VM,Top Separation,N
R-20221004-00028,S-221004-00525,,Lumisizer - VM,Bottom Separation,N
R-20221004-00028,S-221004-00525,,Lumisizer - VM,Top Severity (%),0
R-20221004-00028,S-221004-00525,,Lumisizer - VM,Bottom Onset (min),0
R-20221004-00028,S-221004-00525,,Lumisizer - VM,Top Onset (min),0
R-20221004-00029,S-221004-00617,,Lumisizer - VM,Bottom Separation,N
R-20221004-00029,S-221004-00617,,Lumisizer - VM,Bottom Onset (min),0
R-20221004-00029,S-221004-00617,,Lumisizer - VM,Top Onset (min),0
R-20221004-00029,S-221004-00617,,Lumisizer - VM,Bottom Severity (%),0
R-20221004-00029,S-221004-00617,,Lumisizer - VM,Top Separation,N
R-20221004-00029,S-221004-00617,,Lumisizer - VM,Top Severity (%),0
R-20221004-00031,S-221004-00597,,Lumisizer - VM,Bottom Separation,N
R-20221004-00031,S-221004-00597,,Lumisizer - VM,Bottom Onset (min),0
R-20221004-00031,S-221004-00597,,Lumisizer - VM,Top Severity (%),0
R-20221004-00031,S-221004-00597,,Lumisizer - VM,Top Separation,N
R-20221004-00031,S-221004-00597,,Lumisizer - VM,Top Onset (min),0
R-20221004-00031,S-221004-00597,,Lumisizer - VM,Bottom Severity (%),0
R-20221004-00032,S-221004-00663,,Lumisizer - VM,Bottom Severity (%),0
R-20221004-00032,S-221004-00663,,Lumisizer - VM,Bottom Separation,N
R-20221004-00032,S-221004-00663,,Lumisizer - VM,Bottom Onset (min),0
R-20221004-00032,S-221004-00663,,Lumisizer - VM,Top Separation,N
R-20221004-00032,S-221004-00663,,Lumisizer - VM,Top Onset (min),0
R-20221004-00032,S-221004-00663,,Lumisizer - VM,Top Severity (%),0
R-20221005-00061,S-221005-01048,,Lumisizer - VM,Bottom Onset (min),0
R-20221005-00061,S-221005-01048,,Lumisizer - VM,Bottom Separation,N
R-20221005-00061,S-221005-01048,,Lumisizer - VM,Bottom Severity (%),0
R-20221005-00061,S-221005-01048,,Lumisizer - VM,Top Separation,N
R-20221005-00061,S-221005-01048,,Lumisizer - VM,Top Onset (min),0
R-20221005-00061,S-221005-01048,,Lumisizer - VM,Top Severity (%),0
R-20221006-00085,S-221006-01749,,Lumisizer - VM,Bottom Severity (%),0
R-20221006-00085,S-221006-01749,,Lumisizer - VM,Top Separation,N
R-20221006-00085,S-221006-01749,,Lumisizer - VM,Top Onset (min),0
R-20221006-00085,S-221006-01749,,Lumisizer - VM,Bottom Separation,N
R-20221006-00085,S-221006-01749,,Lumisizer - VM,Bottom Onset (min),0
R-20221006-00085,S-221006-01749,,Lumisizer - VM,Top Severity (%),0
R-20221006-00086,S-221006-01795,,Lumisizer - VM,Top Onset (min),0
R-20221006-00086,S-221006-01795,,Lumisizer - VM,Bottom Onset (min),0
R-20221006-00086,S-221006-01795,,Lumisizer - VM,Bottom Severity (%),0
R-20221006-00086,S-221006-01795,,Lumisizer - VM,Bottom Separation,N
R-20221006-00086,S-221006-01795,,Lumisizer - VM,Top Separation,N
R-20221006-00086,S-221006-01795,,Lumisizer - VM,Top Severity (%),0
R-20221010-00091,S-221010-02047,,Lumisizer - VM,Bottom Severity (%),0
R-20221010-00091,S-221010-02047,,Lumisizer - VM,Bottom Separation,N
R-20221010-00091,S-221010-02047,,Lumisizer - VM,Bottom Onset (min),0
R-20221010-00091,S-221010-02047,,Lumisizer - VM,Top Separation,N
R-20221010-00091,S-221010-02047,,Lumisizer - VM,Top Onset (min),0
R-20221010-00091,S-221010-02047,,Lumisizer - VM,Top Severity (%),0
R-20221010-00121,S-221010-02397,,Lumisizer - VM,Bottom Severity (%),0
R-20221010-00121,S-221010-02397,,Lumisizer - VM,Bottom Onset (min),0
R-20221010-00121,S-221010-02397,,Lumisizer - VM,Top Severity (%),0
R-20221010-00121,S-221010-02397,,Lumisizer - VM,Bottom Separation,N
R-20221010-00121,S-221010-02397,,Lumisizer - VM,Top Onset (min),0
R-20221010-00121,S-221010-02397,,Lumisizer - VM,Top Separation,N
R-20221010-00124,S-221010-02443,,Lumisizer - VM,Bottom Severity (%),0
R-20221010-00124,S-221010-02443,,Lumisizer - VM,Top Severity (%),0
R-20221010-00124,S-221010-02443,,Lumisizer - VM,Top Onset (min),0
R-20221010-00124,S-221010-02443,,Lumisizer - VM,Bottom Onset (min),0
R-20221010-00124,S-221010-02443,,Lumisizer - VM,Top Separation,N
R-20221010-00124,S-221010-02443,,Lumisizer - VM,Bottom Separation,N
R-20221011-00061,S-221011-01336,,Lumisizer - VM,Bottom Severity (%),0
R-20221011-00061,S-221011-01336,,Lumisizer - VM,Top Separation,N
R-20221011-00061,S-221011-01336,,Lumisizer - VM,Bottom Onset (min),0
R-20221011-00061,S-221011-01336,,Lumisizer - VM,Bottom Separation,N
R-20221011-00061,S-221011-01336,,Lumisizer - VM,Top Onset (min),0
R-20221011-00061,S-221011-01336,,Lumisizer - VM,Top Severity (%),0
R-20221011-00062,S-221011-01368,,Lumisizer - VM,Bottom Severity (%),0
R-20221011-00062,S-221011-01368,,Lumisizer - VM,Bottom Separation,N
R-20221011-00062,S-221011-01368,,Lumisizer - VM,Top Separation,N
R-20221011-00062,S-221011-01368,,Lumisizer - VM,Top Severity (%),0
R-20221011-00062,S-221011-01368,,Lumisizer - VM,Top Onset (min),0
R-20221011-00062,S-221011-01368,,Lumisizer - VM,Bottom Onset (min),0
R-20221012-00091,S-221012-01287,,Lumisizer - VM,Top Severity (%),0
R-20221012-00091,S-221012-01287,,Lumisizer - VM,Bottom Onset (min),0
R-20221012-00091,S-221012-01287,,Lumisizer - VM,Bottom Severity (%),0
R-20221012-00091,S-221012-01287,,Lumisizer - VM,Bottom Separation,N
R-20221012-00091,S-221012-01287,,Lumisizer - VM,Top Separation,N
R-20221012-00091,S-221012-01287,,Lumisizer - VM,Top Onset (min),0
R-20221012-00095,S-221012-01538,,Lumisizer - VM,Bottom Severity (%),0
R-20221012-00095,S-221012-01538,,Lumisizer - VM,Bottom Onset (min),0
R-20221012-00095,S-221012-01538,,Lumisizer - VM,Top Onset (min),0
R-20221012-00095,S-221012-01538,,Lumisizer - VM,Bottom Separation,N
R-20221012-00095,S-221012-01538,,Lumisizer - VM,Top Separation,N
R-20221012-00095,S-221012-01538,,Lumisizer - VM,Top Severity (%),0
R-20221012-00097,S-221012-01603,,Lumisizer - VM,Bottom Separation,N
R-20221012-00097,S-221012-01603,,Lumisizer - VM,Top Severity (%),12.5
R-20221012-00097,S-221012-01603,,Lumisizer - VM,Top Separation,Y
R-20221012-00097,S-221012-01603,,Lumisizer - VM,Bottom Onset (min),0
R-20221012-00097,S-221012-01603,,Lumisizer - VM,Bottom Severity (%),0
R-20221012-00097,S-221012-01603,,Lumisizer - VM,Top Onset (min),180.5
R-20221012-00099,S-221012-01819,,Lumisizer - VM,Bottom Onset (min),0
R-20221012-00099,S-221012-01819,,Lumisizer - VM,Top Separation,N
R-20221012-00099,S-221012-01819,,Lumisizer - VM,Bottom Separation,N
R-20221012-00099,S-221012-01819,,Lumisizer - VM,Bottom Severity (%),0
R-20221012-00099,S-221012-01819,,Lumisizer - VM,Top Onset (min),0
R-20221012-00099,S-221012-01819,,Lumisizer - VM,Top Severity (%),0
R-20221012-00156,S-221012-02620,,Lumisizer - VM,Top Onset (min),0
R-20221012-00156,S-221012-02620,,Lumisizer - VM,Bottom Onset (min),40.6
R-20221012-00156,S-221012-02620,,Lumisizer - VM,Top Separation,N
R-20221012-00156,S-221012-02620,,Lumisizer - VM,Bottom Separation,Y
R-20221012-00156,S-221012-02620,,Lumisizer - VM,Top Severity (%),0
R-20221012-00156,S-221012-02620,,Lumisizer - VM,Bottom Severity (%),1.9
R-20221013-00101,S-221013-02530,,Lumisizer - VM,Bottom Onset (min),0
R-20221013-00101,S-221013-02530,,Lumisizer - VM,Bottom Separation,N
R-20221013-00101,S-221013-02530,,Lumisizer - VM,Top Onset (min),0
R-20221013-00101,S-221013-02530,,Lumisizer - VM,Top Separation,N
R-20221013-00101,S-221013-02530,,Lumisizer - VM,Top Severity (%),0
R-20221013-00101,S-221013-02530,,Lumisizer - VM,Bottom Severity (%),0
R-20221014-00108,S-221014-02145,,Lumisizer - VM,Bottom Onset (min),0
R-20221014-00108,S-221014-02145,,Lumisizer - VM,Top Severity (%),0
R-20221014-00108,S-221014-02145,,Lumisizer - VM,Bottom Separation,N
R-20221014-00108,S-221014-02145,,Lumisizer - VM,Top Onset (min),0
R-20221014-00108,S-221014-02145,,Lumisizer - VM,Bottom Severity (%),0
R-20221014-00108,S-221014-02145,,Lumisizer - VM,Top Separation,N
R-20221014-00110,S-221014-02214,,Lumisizer - VM,Bottom Onset (min),350.6
R-20221014-00110,S-221014-02214,,Lumisizer - VM,Top Separation,N
R-20221014-00110,S-221014-02214,,Lumisizer - VM,Bottom Severity (%),64.4
R-20221014-00110,S-221014-02214,,Lumisizer - VM,Top Onset (min),0
R-20221014-00110,S-221014-02214,,Lumisizer - VM,Bottom Separation,Y
R-20221014-00110,S-221014-02214,,Lumisizer - VM,Top Severity (%),0
R-20221014-00114,S-221014-02311,,Lumisizer - VM,Top Onset (min),0
R-20221014-00114,S-221014-02311,,Lumisizer - VM,Bottom Severity (%),0
R-20221014-00114,S-221014-02311,,Lumisizer - VM,Bottom Separation,N
R-20221014-00114,S-221014-02311,,Lumisizer - VM,Bottom Onset (min),0
R-20221014-00114,S-221014-02311,,Lumisizer - VM,Top Severity (%),0
R-20221014-00114,S-221014-02311,,Lumisizer - VM,Top Separation,N
R-20221014-00115,S-221014-02357,,Lumisizer - VM,Bottom Separation,N
R-20221014-00115,S-221014-02357,,Lumisizer - VM,Top Onset (min),0
R-20221014-00115,S-221014-02357,,Lumisizer - VM,Top Severity (%),0
R-20221014-00115,S-221014-02357,,Lumisizer - VM,Bottom Severity (%),0
R-20221014-00115,S-221014-02357,,Lumisizer - VM,Bottom Onset (min),0
R-20221014-00115,S-221014-02357,,Lumisizer - VM,Top Separation,N
R-20221019-00056,S-221019-02694,,Lumisizer - VM,Bottom Severity (%),0
R-20221019-00056,S-221019-02694,,Lumisizer - VM,Bottom Onset (min),0
R-20221019-00056,S-221019-02694,,Lumisizer - VM,Top Onset (min),83.8
R-20221019-00056,S-221019-02694,,Lumisizer - VM,Bottom Separation,N
R-20221019-00056,S-221019-02694,,Lumisizer - VM,Top Severity (%),11.2
R-20221019-00056,S-221019-02694,,Lumisizer - VM,Top Separation,Y
R-20221026-00029,S-221026-00988,,Lumisizer - VM,Top Onset (min),0
R-20221026-00029,S-221026-00988,,Lumisizer - VM,Top Severity (%),0
R-20221026-00029,S-221026-00988,,Lumisizer - VM,Bottom Separation,N
R-20221026-00029,S-221026-00988,,Lumisizer - VM,Bottom Severity (%),0
R-20221026-00029,S-221026-00988,,Lumisizer - VM,Bottom Onset (min),0
R-20221026-00029,S-221026-00988,,Lumisizer - VM,Top Separation,N
R-20221026-00030,S-221026-00847,,Lumisizer - VM,Top Onset (min),0
R-20221026-00030,S-221026-00847,,Lumisizer - VM,Top Separation,N
R-20221026-00030,S-221026-00847,,Lumisizer - VM,Bottom Onset (min),0
R-20221026-00030,S-221026-00847,,Lumisizer - VM,Top Severity (%),0
R-20221026-00030,S-221026-00847,,Lumisizer - VM,Bottom Separation,N
R-20221026-00030,S-221026-00847,,Lumisizer - VM,Bottom Severity (%),0
R-20221026-00032,S-221026-00942,,Lumisizer - VM,Bottom Severity (%),1.8
R-20221026-00032,S-221026-00942,,Lumisizer - VM,Top Separation,N
R-20221026-00032,S-221026-00942,,Lumisizer - VM,Top Onset (min),0
R-20221026-00032,S-221026-00942,,Lumisizer - VM,Top Severity (%),0
R-20221026-00032,S-221026-00942,,Lumisizer - VM,Bottom Onset (min),357.6
R-20221026-00032,S-221026-00942,,Lumisizer - VM,Bottom Separation,Y
R-20221026-00039,S-221026-01027,,Lumisizer - VM,Top Separation,N
R-20221026-00039,S-221026-01027,,Lumisizer - VM,Top Severity (%),0
R-20221026-00039,S-221026-01027,,Lumisizer - VM,Bottom Separation,N
R-20221026-00039,S-221026-01027,,Lumisizer - VM,Top Onset (min),0
R-20221026-00039,S-221026-01027,,Lumisizer - VM,Bottom Severity (%),0
R-20221026-00039,S-221026-01027,,Lumisizer - VM,Bottom Onset (min),0
R-20221026-00054,S-221026-01186,,Lumisizer - VM,Bottom Separation,N
R-20221026-00054,S-221026-01186,,Lumisizer - VM,Top Onset (min),0
R-20221026-00054,S-221026-01186,,Lumisizer - VM,Bottom Onset (min),0
R-20221026-00054,S-221026-01186,,Lumisizer - VM,Bottom Severity (%),0
R-20221026-00054,S-221026-01186,,Lumisizer - VM,Top Severity (%),0
R-20221026-00054,S-221026-01186,,Lumisizer - VM,Top Separation,N
R-20221026-00062,S-221026-01494,,Lumisizer - VM,Bottom Separation,N
R-20221026-00062,S-221026-01494,,Lumisizer - VM,Top Severity (%),0
R-20221026-00062,S-221026-01494,,Lumisizer - VM,Top Onset (min),0
R-20221026-00062,S-221026-01494,,Lumisizer - VM,Bottom Severity (%),0
R-20221026-00062,S-221026-01494,,Lumisizer - VM,Bottom Onset (min),0
R-20221026-00062,S-221026-01494,,Lumisizer - VM,Top Separation,N
R-20221026-00063,S-221026-01518,,Lumisizer - VM,Top Onset (min),0
R-20221026-00063,S-221026-01518,,Lumisizer - VM,Bottom Severity (%),0
R-20221026-00063,S-221026-01518,,Lumisizer - VM,Top Separation,N
R-20221026-00063,S-221026-01518,,Lumisizer - VM,Bottom Onset (min),0
R-20221026-00063,S-221026-01518,,Lumisizer - VM,Bottom Separation,N
R-20221026-00063,S-221026-01518,,Lumisizer - VM,Top Severity (%),0
R-20221028-00035,S-221028-00434,,Lumisizer - VM,Bottom Severity (%),0
R-20221028-00035,S-221028-00434,,Lumisizer - VM,Top Separation,N
R-20221028-00035,S-221028-00434,,Lumisizer - VM,Top Onset (min),0
R-20221028-00035,S-221028-00434,,Lumisizer - VM,Bottom Onset (min),0
R-20221028-00035,S-221028-00434,,Lumisizer - VM,Bottom Separation,N
R-20221028-00035,S-221028-00434,,Lumisizer - VM,Top Severity (%),0
R-20221028-00036,S-221028-00458,,Lumisizer - VM,Bottom Severity (%),0
R-20221028-00036,S-221028-00458,,Lumisizer - VM,Bottom Separation,N
R-20221028-00036,S-221028-00458,,Lumisizer - VM,Top Separation,N
R-20221028-00036,S-221028-00458,,Lumisizer - VM,Top Onset (min),0
R-20221028-00036,S-221028-00458,,Lumisizer - VM,Bottom Onset (min),0
R-20221028-00036,S-221028-00458,,Lumisizer - VM,Top Severity (%),0
R-20221103-00089,S-221107-00663,,Lumisizer - VM,Bottom Severity (%),0
R-20221103-00089,S-221107-00663,,Lumisizer - VM,Top Onset (min),0
R-20221103-00089,S-221107-00663,,Lumisizer - VM,Bottom Onset (min),0
R-20221103-00089,S-221107-00663,,Lumisizer - VM,Bottom Separation,N
R-20221103-00089,S-221107-00663,,Lumisizer - VM,Top Separation,N
R-20221103-00089,S-221107-00663,,Lumisizer - VM,Top Severity (%),0
R-20221103-00090,S-221107-00709,,Lumisizer - VM,Bottom Separation,N
R-20221103-00090,S-221107-00709,,Lumisizer - VM,Top Onset (min),0
R-20221103-00090,S-221107-00709,,Lumisizer - VM,Bottom Onset (min),0
R-20221103-00090,S-221107-00709,,Lumisizer - VM,Bottom Severity (%),0
R-20221103-00090,S-221107-00709,,Lumisizer - VM,Top Severity (%),0
R-20221103-00090,S-221107-00709,,Lumisizer - VM,Top Separation,N
R-20221104-00059,S-221104-01006,,Lumisizer - VM,Bottom Separation,N
R-20221104-00059,S-221104-01006,,Lumisizer - VM,Bottom Onset (min),0
R-20221104-00059,S-221104-01006,,Lumisizer - VM,Top Onset (min),0
R-20221104-00059,S-221104-01006,,Lumisizer - VM,Bottom Severity (%),0
R-20221104-00059,S-221104-01006,,Lumisizer - VM,Top Separation,N
R-20221104-00059,S-221104-01006,,Lumisizer - VM,Top Severity (%),0
R-20221105-00012,S-221105-00274,,Lumisizer - VM,Bottom Separation,N
R-20221105-00012,S-221105-00274,,Lumisizer - VM,Top Separation,N
R-20221105-00012,S-221105-00274,,Lumisizer - VM,Top Onset (min),0
R-20221105-00012,S-221105-00274,,Lumisizer - VM,Bottom Severity (%),0
R-20221105-00012,S-221105-00274,,Lumisizer - VM,Bottom Onset (min),0
R-20221105-00012,S-221105-00274,,Lumisizer - VM,Top Severity (%),0
R-20221108-00036,S-221108-01219,,Lumisizer - VM,Top Separation,N
R-20221108-00036,S-221108-01219,,Lumisizer - VM,Top Severity (%),0
R-20221108-00036,S-221108-01219,,Lumisizer - VM,Bottom Separation,N
R-20221108-00036,S-221108-01219,,Lumisizer - VM,Bottom Severity (%),0
R-20221108-00036,S-221108-01219,,Lumisizer - VM,Bottom Onset (min),0
R-20221108-00036,S-221108-01219,,Lumisizer - VM,Top Onset (min),0
R-20221108-00037,S-221108-01250,,Lumisizer - VM,Bottom Separation,N
R-20221108-00037,S-221108-01250,,Lumisizer - VM,Bottom Severity (%),0
R-20221108-00037,S-221108-01250,,Lumisizer - VM,Top Onset (min),0
R-20221108-00037,S-221108-01250,,Lumisizer - VM,Bottom Onset (min),0
R-20221108-00037,S-221108-01250,,Lumisizer - VM,Top Severity (%),0
R-20221108-00037,S-221108-01250,,Lumisizer - VM,Top Separation,N
R-20221108-00039,S-221108-00626,,Lumisizer - VM,Bottom Separation,N
R-20221108-00039,S-221108-00626,,Lumisizer - VM,Bottom Severity (%),0
R-20221108-00039,S-221108-00626,,Lumisizer - VM,Top Severity (%),0
R-20221108-00039,S-221108-00626,,Lumisizer - VM,Bottom Onset (min),0
R-20221108-00039,S-221108-00626,,Lumisizer - VM,Top Separation,N
R-20221108-00039,S-221108-00626,,Lumisizer - VM,Top Onset (min),0
R-20221108-00040,S-221108-00672,,Lumisizer - VM,Top Onset (min),0
R-20221108-00040,S-221108-00672,,Lumisizer - VM,Bottom Onset (min),0
R-20221108-00040,S-221108-00672,,Lumisizer - VM,Bottom Separation,N
R-20221108-00040,S-221108-00672,,Lumisizer - VM,Bottom Severity (%),0
R-20221108-00040,S-221108-00672,,Lumisizer - VM,Top Separation,N
R-20221108-00040,S-221108-00672,,Lumisizer - VM,Top Severity (%),0
R-20221108-00041,S-221108-00718,,Lumisizer - VM,Bottom Severity (%),0
R-20221108-00041,S-221108-00718,,Lumisizer - VM,Top Separation,N
R-20221108-00041,S-221108-00718,,Lumisizer - VM,Top Onset (min),0
R-20221108-00041,S-221108-00718,,Lumisizer - VM,Bottom Onset (min),0
R-20221108-00041,S-221108-00718,,Lumisizer - VM,Bottom Separation,N
R-20221108-00041,S-221108-00718,,Lumisizer - VM,Top Severity (%),0
R-20221108-00042,S-221108-00764,,Lumisizer - VM,Top Onset (min),0
R-20221108-00042,S-221108-00764,,Lumisizer - VM,Bottom Severity (%),0
R-20221108-00042,S-221108-00764,,Lumisizer - VM,Top Separation,N
R-20221108-00042,S-221108-00764,,Lumisizer - VM,Bottom Onset (min),0
R-20221108-00042,S-221108-00764,,Lumisizer - VM,Bottom Separation,N
R-20221108-00042,S-221108-00764,,Lumisizer - VM,Top Severity (%),0
R-20221108-00044,S-221108-01022,,Lumisizer - VM,Bottom Separation,N
R-20221108-00044,S-221108-01022,,Lumisizer - VM,Top Onset (min),350.6
R-20221108-00044,S-221108-01022,,Lumisizer - VM,Top Separation,Y
R-20221108-00044,S-221108-01022,,Lumisizer - VM,Top Severity (%),3.1
R-20221108-00044,S-221108-01022,,Lumisizer - VM,Bottom Severity (%),0
R-20221108-00044,S-221108-01022,,Lumisizer - VM,Bottom Onset (min),0
R-20221108-00053,S-221108-01110,,Lumisizer - VM,Bottom Onset (min),0
R-20221108-00053,S-221108-01110,,Lumisizer - VM,Top Severity (%),0
R-20221108-00053,S-221108-01110,,Lumisizer - VM,Bottom Severity (%),0
R-20221108-00053,S-221108-01110,,Lumisizer - VM,Bottom Separation,N
R-20221108-00053,S-221108-01110,,Lumisizer - VM,Top Onset (min),0
R-20221108-00053,S-221108-01110,,Lumisizer - VM,Top Separation,N
R-20221109-00058,S-221109-00936,,Lumisizer - VM,Top Onset (min),0
R-20221109-00058,S-221109-00936,,Lumisizer - VM,Top Separation,N
R-20221109-00058,S-221109-00936,,Lumisizer - VM,Bottom Separation,N
R-20221109-00058,S-221109-00936,,Lumisizer - VM,Top Severity (%),0
R-20221109-00058,S-221109-00936,,Lumisizer - VM,Bottom Onset (min),0
R-20221109-00058,S-221109-00936,,Lumisizer - VM,Bottom Severity (%),0
R-20221109-00059,S-221109-00982,,Lumisizer - VM,Top Onset (min),0
R-20221109-00059,S-221109-00982,,Lumisizer - VM,Bottom Separation,N
R-20221109-00059,S-221109-00982,,Lumisizer - VM,Bottom Severity (%),0
R-20221109-00059,S-221109-00982,,Lumisizer - VM,Bottom Onset (min),0
R-20221109-00059,S-221109-00982,,Lumisizer - VM,Top Separation,N
R-20221109-00059,S-221109-00982,,Lumisizer - VM,Top Severity (%),0
R-20221111-00038,S-221111-00602,,Lumisizer - VM,Bottom Severity (%),0
R-20221111-00038,S-221111-00602,,Lumisizer - VM,Top Separation,N
R-20221111-00038,S-221111-00602,,Lumisizer - VM,Top Onset (min),0
R-20221111-00038,S-221111-00602,,Lumisizer - VM,Top Severity (%),0
R-20221111-00038,S-221111-00602,,Lumisizer - VM,Bottom Onset (min),0
R-20221111-00038,S-221111-00602,,Lumisizer - VM,Bottom Separation,N
R-20221112-00001,S-221115-00840,,Lumisizer - VM,Top Severity (%),10.5
R-20221112-00001,S-221115-00840,,Lumisizer - VM,Top Separation,Y
R-20221112-00001,S-221115-00840,,Lumisizer - VM,Bottom Onset (min),0
R-20221112-00001,S-221115-00840,,Lumisizer - VM,Bottom Severity (%),0
R-20221112-00001,S-221115-00840,,Lumisizer - VM,Top Onset (min),3
R-20221112-00001,S-221115-00840,,Lumisizer - VM,Bottom Separation,N
R-20221112-00002,S-221115-00850,,Lumisizer - VM,Bottom Separation,N
R-20221112-00002,S-221115-00850,,Lumisizer - VM,Top Separation,N
R-20221112-00002,S-221115-00850,,Lumisizer - VM,Bottom Onset (min),0
R-20221112-00002,S-221115-00850,,Lumisizer - VM,Top Onset (min),0
R-20221112-00002,S-221115-00850,,Lumisizer - VM,Top Severity (%),0
R-20221112-00002,S-221115-00850,,Lumisizer - VM,Bottom Severity (%),0
R-20221114-00092,S-221114-01673,,Lumisizer - VM,Top Onset (min),0
R-20221114-00092,S-221114-01673,,Lumisizer - VM,Bottom Onset (min),0
R-20221114-00092,S-221114-01673,,Lumisizer - VM,Top Severity (%),0
R-20221114-00092,S-221114-01673,,Lumisizer - VM,Top Separation,N
R-20221114-00092,S-221114-01673,,Lumisizer - VM,Bottom Separation,N
R-20221114-00092,S-221114-01673,,Lumisizer - VM,Bottom Severity (%),0
R-20221116-00078,S-221116-02039,,Lumisizer - VM,Bottom Separation,N
R-20221116-00078,S-221116-02039,,Lumisizer - VM,Top Onset (min),0
R-20221116-00078,S-221116-02039,,Lumisizer - VM,Bottom Onset (min),0
R-20221116-00078,S-221116-02039,,Lumisizer - VM,Top Severity (%),0
R-20221116-00078,S-221116-02039,,Lumisizer - VM,Top Separation,N
R-20221116-00078,S-221116-02039,,Lumisizer - VM,Bottom Severity (%),0
R-20221116-00080,S-221116-01954,,Lumisizer - VM,Top Separation,N
R-20221116-00080,S-221116-01954,,Lumisizer - VM,Bottom Separation,N
R-20221116-00080,S-221116-01954,,Lumisizer - VM,Bottom Severity (%),0
R-20221116-00080,S-221116-01954,,Lumisizer - VM,Top Onset (min),0
R-20221116-00080,S-221116-01954,,Lumisizer - VM,Top Severity (%),0
R-20221116-00080,S-221116-01954,,Lumisizer - VM,Bottom Onset (min),0
R-20221117-00057,S-221117-00611,,Lumisizer - VM,Bottom Separation,N
R-20221117-00057,S-221117-00611,,Lumisizer - VM,Top Severity (%),5.1
R-20221117-00057,S-221117-00611,,Lumisizer - VM,Top Separation,Y
R-20221117-00057,S-221117-00611,,Lumisizer - VM,Bottom Onset (min),0
R-20221117-00057,S-221117-00611,,Lumisizer - VM,Top Onset (min),30.6
R-20221117-00057,S-221117-00611,,Lumisizer - VM,Bottom Severity (%),0
R-20221119-00002,S-221119-00093,,Lumisizer - VM,Bottom Onset (min),0
R-20221119-00002,S-221119-00093,,Lumisizer - VM,Bottom Severity (%),0
R-20221119-00002,S-221119-00093,,Lumisizer - VM,Top Separation,N
R-20221119-00002,S-221119-00093,,Lumisizer - VM,Top Onset (min),0
R-20221119-00002,S-221119-00093,,Lumisizer - VM,Top Severity (%),0
R-20221119-00002,S-221119-00093,,Lumisizer - VM,Bottom Separation,N
R-20221119-00003,S-221119-00117,,Lumisizer - VM,Top Separation,Y
R-20221119-00003,S-221119-00117,,Lumisizer - VM,Bottom Severity (%),0
R-20221119-00003,S-221119-00117,,Lumisizer - VM,Top Severity (%),5.5
R-20221119-00003,S-221119-00117,,Lumisizer - VM,Bottom Separation,N
R-20221119-00003,S-221119-00117,,Lumisizer - VM,Bottom Onset (min),0
R-20221119-00003,S-221119-00117,,Lumisizer - VM,Top Onset (min),25.6
R-20221119-00004,S-221119-00141,,Lumisizer - VM,Bottom Separation,N
R-20221119-00004,S-221119-00141,,Lumisizer - VM,Bottom Onset (min),0
R-20221119-00004,S-221119-00141,,Lumisizer - VM,Top Separation,Y
R-20221119-00004,S-221119-00141,,Lumisizer - VM,Bottom Severity (%),0
R-20221119-00004,S-221119-00141,,Lumisizer - VM,Top Severity (%),5.9
R-20221119-00004,S-221119-00141,,Lumisizer - VM,Top Onset (min),43.1
R-20221119-00005,S-221119-00165,,Lumisizer - VM,Bottom Severity (%),0
R-20221119-00005,S-221119-00165,,Lumisizer - VM,Top Onset (min),44.6
R-20221119-00005,S-221119-00165,,Lumisizer - VM,Top Separation,Y
R-20221119-00005,S-221119-00165,,Lumisizer - VM,Bottom Separation,N
R-20221119-00005,S-221119-00165,,Lumisizer - VM,Top Severity (%),6.4
R-20221119-00005,S-221119-00165,,Lumisizer - VM,Bottom Onset (min),0
R-20221121-00030,S-221121-02324,,Lumisizer - VM,Bottom Onset (min),0
R-20221121-00030,S-221121-02324,,Lumisizer - VM,Top Onset (min),0
R-20221121-00030,S-221121-02324,,Lumisizer - VM,Top Separation,N
R-20221121-00030,S-221121-02324,,Lumisizer - VM,Top Severity (%),0
R-20221121-00030,S-221121-02324,,Lumisizer - VM,Bottom Separation,N
R-20221121-00030,S-221121-02324,,Lumisizer - VM,Bottom Severity (%),0
R-20221121-00038,S-221121-02370,,Lumisizer - VM,Bottom Severity (%),0
R-20221121-00038,S-221121-02370,,Lumisizer - VM,Top Separation,N
R-20221121-00038,S-221121-02370,,Lumisizer - VM,Top Onset (min),0
R-20221121-00038,S-221121-02370,,Lumisizer - VM,Bottom Separation,N
R-20221121-00038,S-221121-02370,,Lumisizer - VM,Top Severity (%),0
R-20221121-00038,S-221121-02370,,Lumisizer - VM,Bottom Onset (min),0
R-20221121-00040,S-221121-02439,,Lumisizer - VM,Bottom Severity (%),0
R-20221121-00040,S-221121-02439,,Lumisizer - VM,Bottom Onset (min),0
R-20221121-00040,S-221121-02439,,Lumisizer - VM,Bottom Separation,N
R-20221121-00040,S-221121-02439,,Lumisizer - VM,Top Separation,N
R-20221121-00040,S-221121-02439,,Lumisizer - VM,Top Onset (min),0
R-20221121-00040,S-221121-02439,,Lumisizer - VM,Top Severity (%),0
R-20221122-00061,S-221122-01040,,Lumisizer - VM,Bottom Severity (%),0
R-20221122-00061,S-221122-01040,,Lumisizer - VM,Bottom Separation,N
R-20221122-00061,S-221122-01040,,Lumisizer - VM,Bottom Onset (min),0
R-20221122-00061,S-221122-01040,,Lumisizer - VM,Top Onset (min),0
R-20221122-00061,S-221122-01040,,Lumisizer - VM,Top Separation,N
R-20221122-00061,S-221122-01040,,Lumisizer - VM,Top Severity (%),0
R-20221122-00062,S-221122-01086,,Lumisizer - VM,Bottom Onset (min),0
R-20221122-00062,S-221122-01086,,Lumisizer - VM,Bottom Severity (%),0
R-20221122-00062,S-221122-01086,,Lumisizer - VM,Top Separation,N
R-20221122-00062,S-221122-01086,,Lumisizer - VM,Bottom Separation,N
R-20221122-00062,S-221122-01086,,Lumisizer - VM,Top Onset (min),0
R-20221122-00062,S-221122-01086,,Lumisizer - VM,Top Severity (%),0
R-20221122-00076,S-221122-01227,,Lumisizer - VM,Top Onset (min),0
R-20221122-00076,S-221122-01227,,Lumisizer - VM,Bottom Severity (%),4.8
R-20221122-00076,S-221122-01227,,Lumisizer - VM,Bottom Onset (min),160.5
R-20221122-00076,S-221122-01227,,Lumisizer - VM,Top Separation,N
R-20221122-00076,S-221122-01227,,Lumisizer - VM,Bottom Separation,Y
R-20221122-00076,S-221122-01227,,Lumisizer - VM,Top Severity (%),0
R-20221123-00067,S-221123-01735,,Lumisizer - VM,Bottom Separation,N
R-20221123-00067,S-221123-01735,,Lumisizer - VM,Bottom Onset (min),0
R-20221123-00067,S-221123-01735,,Lumisizer - VM,Top Separation,N
R-20221123-00067,S-221123-01735,,Lumisizer - VM,Bottom Severity (%),0
R-20221123-00067,S-221123-01735,,Lumisizer - VM,Top Severity (%),0
R-20221123-00067,S-221123-01735,,Lumisizer - VM,Top Onset (min),0
R-20221123-00068,S-221123-01781,,Lumisizer - VM,Top Onset (min),0
R-20221123-00068,S-221123-01781,,Lumisizer - VM,Bottom Separation,N
R-20221123-00068,S-221123-01781,,Lumisizer - VM,Bottom Severity (%),0
R-20221123-00068,S-221123-01781,,Lumisizer - VM,Bottom Onset (min),0
R-20221123-00068,S-221123-01781,,Lumisizer - VM,Top Separation,N
R-20221123-00068,S-221123-01781,,Lumisizer - VM,Top Severity (%),0
R-20221130-00055,S-221205-03008,,Lumisizer - VM,Bottom Onset (min),0
R-20221130-00055,S-221205-03008,,Lumisizer - VM,Top Separation,Y
R-20221130-00055,S-221205-03008,,Lumisizer - VM,Top Severity (%),25
R-20221130-00055,S-221205-03008,,Lumisizer - VM,Bottom Severity (%),0
R-20221130-00055,S-221205-03008,,Lumisizer - VM,Top Onset (min),25.5
R-20221130-00055,S-221205-03008,,Lumisizer - VM,Bottom Separation,N
R-20221205-00068,S-221205-02938,,Lumisizer - VM,Bottom Separation,N
R-20221205-00068,S-221205-02938,,Lumisizer - VM,Top Onset (min),0
R-20221205-00068,S-221205-02938,,Lumisizer - VM,Top Severity (%),0
R-20221205-00068,S-221205-02938,,Lumisizer - VM,Bottom Severity (%),0
R-20221205-00068,S-221205-02938,,Lumisizer - VM,Bottom Onset (min),0
R-20221205-00068,S-221205-02938,,Lumisizer - VM,Top Separation,N
R-20221205-00069,S-221205-02984,,Lumisizer - VM,Bottom Onset (min),0
R-20221205-00069,S-221205-02984,,Lumisizer - VM,Top Onset (min),0
R-20221205-00069,S-221205-02984,,Lumisizer - VM,Top Separation,N
R-20221205-00069,S-221205-02984,,Lumisizer - VM,Bottom Severity (%),0
R-20221205-00069,S-221205-02984,,Lumisizer - VM,Bottom Separation,N
R-20221205-00069,S-221205-02984,,Lumisizer - VM,Top Severity (%),0
R-20221205-00070,S-221205-03056,,Lumisizer - VM,Top Severity (%),16.9
R-20221205-00070,S-221205-03056,,Lumisizer - VM,Bottom Separation,N
R-20221205-00070,S-221205-03056,,Lumisizer - VM,Top Separation,Y
R-20221205-00070,S-221205-03056,,Lumisizer - VM,Bottom Onset (min),0
R-20221205-00070,S-221205-03056,,Lumisizer - VM,Bottom Severity (%),0
R-20221205-00070,S-221205-03056,,Lumisizer - VM,Top Onset (min),3.1
R-20221205-00071,S-221205-03102,,Lumisizer - VM,Bottom Separation,N
R-20221205-00071,S-221205-03102,,Lumisizer - VM,Top Separation,Y
R-20221205-00071,S-221205-03102,,Lumisizer - VM,Bottom Onset (min),0
R-20221205-00071,S-221205-03102,,Lumisizer - VM,Bottom Severity (%),0
R-20221205-00071,S-221205-03102,,Lumisizer - VM,Top Severity (%),5.3
R-20221205-00071,S-221205-03102,,Lumisizer - VM,Top Onset (min),3.1
R-20221205-00072,S-221205-03148,,Lumisizer - VM,Bottom Severity (%),9.5
R-20221205-00072,S-221205-03148,,Lumisizer - VM,Bottom Separation,Y
R-20221205-00072,S-221205-03148,,Lumisizer - VM,Top Separation,N
R-20221205-00072,S-221205-03148,,Lumisizer - VM,Bottom Onset (min),30.5
R-20221205-00072,S-221205-03148,,Lumisizer - VM,Top Severity (%),0
R-20221205-00072,S-221205-03148,,Lumisizer - VM,Top Onset (min),0
R-20221205-00078,S-221205-03733,,Lumisizer - VM,Bottom Onset (min),0
R-20221205-00078,S-221205-03733,,Lumisizer - VM,Bottom Severity (%),0
R-20221205-00078,S-221205-03733,,Lumisizer - VM,Bottom Separation,N
R-20221205-00078,S-221205-03733,,Lumisizer - VM,Top Onset (min),0
R-20221205-00078,S-221205-03733,,Lumisizer - VM,Top Separation,N
R-20221205-00078,S-221205-03733,,Lumisizer - VM,Top Severity (%),0
R-20221206-00054,S-221206-00582,,Lumisizer - VM,Bottom Severity (%),0
R-20221206-00054,S-221206-00582,,Lumisizer - VM,Top Onset (min),0
R-20221206-00054,S-221206-00582,,Lumisizer - VM,Bottom Onset (min),0
R-20221206-00054,S-221206-00582,,Lumisizer - VM,Bottom Separation,N
R-20221206-00054,S-221206-00582,,Lumisizer - VM,Top Separation,N
R-20221206-00054,S-221206-00582,,Lumisizer - VM,Top Severity (%),0
R-20221206-00056,S-221206-00653,,Lumisizer - VM,Top Onset (min),0
R-20221206-00056,S-221206-00653,,Lumisizer - VM,Bottom Severity (%),0
R-20221206-00056,S-221206-00653,,Lumisizer - VM,Bottom Separation,N
R-20221206-00056,S-221206-00653,,Lumisizer - VM,Bottom Onset (min),0
R-20221206-00056,S-221206-00653,,Lumisizer - VM,Top Separation,N
R-20221206-00056,S-221206-00653,,Lumisizer - VM,Top Severity (%),0
R-20221207-00024,S-221207-00906,,Lumisizer - VM,Top Separation,N
R-20221207-00024,S-221207-00906,,Lumisizer - VM,Top Onset (min),0
R-20221207-00024,S-221207-00906,,Lumisizer - VM,Bottom Separation,N
R-20221207-00024,S-221207-00906,,Lumisizer - VM,Bottom Severity (%),0
R-20221207-00024,S-221207-00906,,Lumisizer - VM,Top Severity (%),0
R-20221207-00024,S-221207-00906,,Lumisizer - VM,Bottom Onset (min),0
R-20221207-00025,S-221207-00952,,Lumisizer - VM,Bottom Onset (min),0
R-20221207-00025,S-221207-00952,,Lumisizer - VM,Bottom Severity (%),0
R-20221207-00025,S-221207-00952,,Lumisizer - VM,Top Severity (%),0
R-20221207-00025,S-221207-00952,,Lumisizer - VM,Top Separation,N
R-20221207-00025,S-221207-00952,,Lumisizer - VM,Bottom Separation,N
R-20221207-00025,S-221207-00952,,Lumisizer - VM,Top Onset (min),0
R-20221207-00030,S-221207-01104,,Lumisizer - VM,Bottom Onset (min),0
R-20221207-00030,S-221207-01104,,Lumisizer - VM,Top Severity (%),0
R-20221207-00030,S-221207-01104,,Lumisizer - VM,Top Separation,N
R-20221207-00030,S-221207-01104,,Lumisizer - VM,Bottom Separation,N
R-20221207-00030,S-221207-01104,,Lumisizer - VM,Bottom Severity (%),0
R-20221207-00030,S-221207-01104,,Lumisizer - VM,Top Onset (min),0
R-20221207-00045,S-221207-01435,,Lumisizer - VM,Bottom Onset (min),0
R-20221207-00045,S-221207-01435,,Lumisizer - VM,Top Separation,N
R-20221207-00045,S-221207-01435,,Lumisizer - VM,Bottom Severity (%),0
R-20221207-00045,S-221207-01435,,Lumisizer - VM,Bottom Separation,N
R-20221207-00045,S-221207-01435,,Lumisizer - VM,Top Severity (%),0
R-20221207-00045,S-221207-01435,,Lumisizer - VM,Top Onset (min),0
R-20221213-00054,S-221214-01269,,Lumisizer - VM,Top Onset (min),7.1
R-20221213-00054,S-221214-01269,,Lumisizer - VM,Top Separation,Y
R-20221213-00054,S-221214-01269,,Lumisizer - VM,Bottom Severity (%),0
R-20221213-00054,S-221214-01269,,Lumisizer - VM,Bottom Separation,N
R-20221213-00054,S-221214-01269,,Lumisizer - VM,Top Severity (%),6.6
R-20221213-00054,S-221214-01269,,Lumisizer - VM,Bottom Onset (min),0
